Age,Gender,Socio_Economic_Status,GPA,Attendance_Rate,Assignments_Submitted,Online_Learning_Hours,Forum_Participation,Lab_Performance,Extracurricular_Participation,At_Risk
24,Female,Low,3.23,98.1,8,8.1,2,59,0,0
21,Female,High,3.82,81.4,6,0.4,6,73,0,0
28,Female,,3.02,59.2,4,1.2,1,48,1,1
25,Male,Low,3,55.3,4,6.3,1,14,1,1
22,Female,High,2.1,90.6,16,14.1,2,82,0,0
24,Male,Medium,2.07,,8,10.8,3,72,0,0
27,Female,Medium,3.1,80.9,5,1.3,5,67,0,0
20,Female,Medium,2.88,89.1,18,12.7,7,14,1,0
24,Male,Medium,3.68,85.2,15,11,9,50,0,0
28,Male,Low,2.32,91.7,1,9.2,9,47,0,0
28,Male,High,2.05,52.8,9,12.3,6,71,0,1
25,Female,Medium,2.9,87.4,15,6.1,3,0,0,0
22,Female,Low,2.47,92.5,4,3.3,1,6,1,0
21,Male,,2.1,64.3,14,7.7,1,52,0,1
25,Male,High,3.45,82,12,8.2,3,30,1,0
25,Male,Low,2.22,65.7,12,8.1,5,17,1,0
20,Male,Low,3.22,97.9,12,8.5,2,11,0,0
23,Female,,2.56,51.7,14,14.2,5,47,1,0
22,Male,High,2.35,79,13,13.5,4,29,0,0
19,Male,High,2.76,58.3,7,13.1,4,96,0,0
25,Male,Low,3.6,85.6,10,12,1,6,0,0
29,Male,High,2.78,58.8,17,14.2,7,91,0,1
23,Female,Medium,3.5,61.8,3,1.5,4,2,0,0
19,Male,High,2.25,74.7,9,4,1,62,1,0
29,Female,Low,3.55,95.7,0,7.4,6,5,1,0
22,Male,Low,2.47,60.6,4,12.7,8,94,0,1
18,Male,Medium,3.35,57.2,12,7.6,8,14,1,0
29,Female,Medium,3.13,87.9,0,11.2,0,70,0,1
27,Male,High,3.86,75,7,2.1,6,42,1,0
23,Female,High,2.77,95.6,2,3.8,8,93,1,0
29,Female,Low,2.13,57.3,2,11,5,90,0,1
26,Male,Medium,2.04,82.3,6,2.5,0,80,1,0
18,Female,Medium,3.65,61.6,3,5.3,1,17,1,1
28,Female,Medium,3.05,57.8,2,4,3,21,1,1
28,Female,High,3.55,84.2,14,5.2,3,60,0,0
27,Female,Medium,2.47,79.7,7,10.6,1,60,1,0
29,Female,Low,2.69,87.7,2,5.5,7,52,1,1
29,Female,,2.06,65.5,6,8.3,1,25,1,1
20,Female,High,3.92,72.4,17,1.5,2,90,1,0
29,Female,High,3.34,70.3,10,12.1,3,39,1,0
24,Male,Medium,3.87,99.2,10,5.5,8,87,1,0
21,Male,High,2.53,64.6,16,9.7,9,7,1,1
26,Female,Low,3.22,64.7,5,10.9,0,20,1,1
20,Male,Medium,3.36,67.7,7,3.1,7,92,1,0
22,Female,Low,2.64,78.2,0,13.3,4,42,0,1
20,Female,Medium,3.7,62.6,9,9.2,6,20,1,0
24,Male,High,3.89,,18,6.4,7,2,1,0
22,Female,Medium,3.77,63.3,2,2.7,4,30,1,1
26,Female,Medium,3.48,94.8,3,14.1,7,26,1,1
24,Female,Low,2.55,55.2,10,11.3,9,26,1,0
19,Female,Low,2.56,82.8,14,3.1,7,72,0,0
21,Male,Medium,3.93,95.3,0,5.1,8,56,0,0
26,Female,High,2.02,58.4,8,12.1,1,96,0,1
29,Female,High,3.43,98.4,10,10.4,2,32,0,0
19,Female,Low,3.41,72.6,18,11.5,0,89,1,0
27,Male,High,3.25,97.3,12,6.6,3,91,1,0
26,Female,Low,3.98,83.8,15,10.7,4,43,1,0
27,Male,,2.62,65.1,3,5.8,0,42,0,0
22,Male,Medium,2.68,59.4,0,3.2,7,30,0,1
19,Female,Low,2.16,65.2,19,9.5,1,64,0,1
21,Female,Low,2.89,54.7,12,14.6,0,83,0,1
29,Male,Medium,2.52,57.2,0,4.7,1,75,1,1
29,Female,Low,2.69,55.2,4,6.9,4,16,1,1
24,Male,High,3.67,71.1,4,10.1,8,14,,0
29,Male,High,3.87,89.8,13,8.1,8,33,1,0
25,Female,Low,2.37,57.1,13,12.7,1,79,0,1
20,Female,High,2.75,56.5,7,11.4,1,3,0,0
18,Male,Low,3.86,82.2,3,0.9,2,71,0,0
21,Male,Medium,2.12,59.9,6,15,6,97,0,1
19,Male,Low,2.18,54.9,19,11.3,2,88,1,1
25,Male,Medium,2.33,58.3,18,13,0,78,1,0
21,Female,High,3.19,96.2,14,9.8,5,27,0,0
19,Female,Medium,2.3,91.1,3,12.8,2,72,0,1
23,Female,High,3.94,67.7,18,1.7,0,1,1,0
23,Female,Low,2.89,82.8,8,5.2,3,16,1,0
27,Female,High,3,76.9,12,13.1,0,57,0,0
21,Male,Low,2.49,83.9,13,3,0,73,0,1
23,Female,,2.94,84.1,13,1.2,1,8,0,0
19,Female,Medium,3.32,81.4,9,11.8,9,30,0,0
27,Female,Medium,3.5,63.3,15,12.5,7,65,0,0
29,Female,Medium,3.51,52,4,2.4,1,87,1,1
19,Female,Medium,3.16,72.8,5,12.8,1,61,1,0
27,Male,High,3.81,94.5,1,10.3,9,18,0,0
21,Male,High,3.63,78.5,12,7.8,9,80,0,0
25,Male,High,3.51,91.6,12,12.5,7,73,0,0
24,Female,Low,2.11,99.6,18,6.3,5,54,0,0
29,Male,High,2.01,58.2,17,2.9,3,27,1,1
26,Male,High,2.42,84.6,18,4.3,2,91,1,0
25,Female,High,3.33,83.7,0,7.6,0,49,0,0
22,Female,Medium,2.82,99,7,8,2,64,1,0
19,Female,High,2.8,99.3,15,12.1,8,2,0,0
22,Male,Low,3.77,84.3,1,11.9,4,78,0,0
25,Male,,3.79,62.2,7,8.7,5,51,1,0
27,Female,Low,3.82,89.9,5,11.7,4,9,0,0
26,Female,High,2.63,55.4,15,2.9,0,20,1,0
29,Male,Medium,3.38,89,10,0.8,9,36,0,0
29,Male,Low,2.54,,16,13.1,0,14,0,0
29,Female,High,2.38,69.1,18,1.1,3,86,0,0
26,Female,Low,2.37,81.5,10,3.7,2,77,0,0
18,Male,Low,2.68,71.5,7,10.4,7,78,1,0
26,Female,Low,2.86,71.9,3,6.1,6,73,0,0
24,Male,High,3.66,65.5,10,13.1,6,8,1,0
26,Male,High,2.24,88.1,7,4.5,7,43,1,1
25,Male,Low,3.47,96.8,8,0.2,9,38,0,0
18,Male,Medium,3.06,97,1,4.5,6,4,1,0
29,Female,Medium,2.58,58.7,15,8.7,9,24,0,1
25,Female,High,2.99,93.7,5,5.6,1,55,1,0
25,Male,High,2.6,86.9,18,8,3,89,1,0
28,Male,High,3.19,62.6,7,13.1,5,63,0,0
20,Male,High,2.87,53.4,13,13.7,2,71,0,1
18,Male,High,2.33,63.4,15,4,2,85,1,1
25,Male,Medium,2.23,95.6,11,6.9,5,51,0,0
20,Female,High,3.09,81.7,4,8.2,0,88,0,0
20,Female,Low,3.8,86.1,18,14.2,0,75,1,0
18,Female,Low,2.69,62.9,17,15,4,8,1,0
28,Female,Medium,3.47,86,8,3.5,0,9,0,0
22,Male,Low,3.32,51.4,1,10.9,9,9,1,0
27,Male,Medium,3.86,68.8,19,5.7,7,72,0,1
24,Male,Medium,3.64,81.3,11,0.1,1,61,0,0
27,Male,,3.13,57.3,1,0.1,5,89,1,0
26,Male,High,3.31,91.2,9,6.9,9,98,0,0
29,Female,Low,3.8,61.8,0,7.3,9,90,1,0
24,Male,Low,2.8,82.6,3,0.3,4,59,0,1
26,Female,Medium,2.65,70.3,11,10.3,9,94,0,0
25,Female,Low,2.02,79.8,8,4.4,3,18,0,1
29,Female,Medium,3.65,55.4,3,8.4,0,37,1,0
19,Female,High,3.6,50.8,8,4.5,2,5,1,1
18,Male,High,2.21,95.5,5,2.5,3,14,0,0
24,Female,High,3.15,63.5,0,6.1,1,92,1,1
24,Female,Low,2.93,91,9,3.5,1,46,1,0
25,Female,Medium,2.24,100,13,8,1,44,0,1
22,Male,High,3.96,60.6,17,3,0,4,1,0
20,Male,Medium,2.43,63.3,5,7.6,9,77,1,1
29,Male,Medium,2.13,83.1,17,2.4,1,52,1,0
25,Female,High,3.19,98.3,19,10.1,5,65,0,0
23,Female,High,3.48,95.8,15,11.3,2,61,0,0
28,Male,Medium,2.06,75.1,14,1.7,9,22,1,0
20,Female,High,3.32,89.8,15,7,4,43,0,0
18,Male,Medium,3.06,56.8,7,1.1,0,51,1,1
20,Male,Medium,2.21,98.9,12,9,7,45,0,0
22,Female,High,2.35,98.2,10,4,3,18,1,1
20,Female,Low,3.14,,6,7.9,8,87,0,0
18,Female,High,2.59,65,16,7.8,3,83,1,0
22,Female,Low,3.88,55,17,13.9,1,46,0,0
27,Male,Medium,3.64,63.6,18,8.2,2,90,1,0
24,Male,Medium,3.97,90.8,12,8.7,4,51,0,0
24,Male,Low,2.52,68.9,14,6,9,23,0,1
28,Male,Medium,3.94,54.4,0,14.2,5,16,0,1
26,Male,Low,2.86,67.1,15,11.7,6,88,1,0
27,Female,Low,2.7,99.1,4,4.3,3,45,1,0
27,Male,Medium,2.1,81.5,2,12.7,6,63,1,0
29,Male,Low,2.11,70.8,9,6.5,9,94,0,1
20,Male,High,3.38,58.3,18,12.4,2,27,1,0
24,Female,High,2.92,99.3,4,12.3,6,49,0,0
18,Female,Medium,2.45,91,6,2.8,3,63,0,1
21,Female,,3.23,64.1,13,10.5,7,27,0,1
21,Female,Low,2.51,53.5,2,4.4,8,85,1,1
22,Male,Low,3.16,52.8,12,4.5,6,55,0,1
24,Male,Low,2.72,56,12,4.4,7,58,1,0
24,Female,Low,3.65,79,9,10.9,7,4,1,0
28,Female,High,3.64,96.4,1,3.4,1,53,0,0
21,Male,High,2.95,74.8,5,0,8,43,1,0
24,Male,Medium,2.7,92.1,7,10.7,5,41,0,0
28,Female,Low,2.73,72.3,3,2.6,3,71,0,0
20,Female,,3.61,85.4,11,1.6,4,91,1,0
23,Female,Medium,2.66,86.6,14,3.6,9,56,0,0
29,Female,Low,2.42,58.7,7,5.7,4,46,0,1
19,Male,Low,2.17,68.1,6,7.1,6,75,0,1
27,Male,Low,2.93,81.9,13,0.7,8,24,1,0
26,Male,Low,2.96,53.5,18,14.6,6,43,1,0
22,Female,Low,3.68,68.1,13,10.7,8,14,1,0
23,Female,Medium,2.44,76.7,12,4.8,3,50,0,1
29,Male,Low,2.76,99.8,0,4.8,9,52,0,0
29,Male,Medium,3.62,73.7,18,6.7,9,33,1,0
29,Male,Low,3.65,90.8,0,9.4,3,76,1,0
29,Male,High,2.77,71.6,3,2.2,5,7,1,1
21,Female,High,2.92,89.8,9,2.8,7,76,1,0
28,Male,High,2.61,79.8,2,12.9,8,99,1,0
27,Male,High,3.87,94.3,19,3.8,0,69,0,0
24,Male,Medium,2.24,70.5,8,5.7,0,95,1,0
29,Male,Medium,3.87,80.2,2,13.1,7,20,0,1
26,Male,,3.37,81.5,5,9.9,6,6,0,0
24,Male,High,3.06,70.9,5,5.1,8,89,0,0
18,Male,Medium,2.07,57.2,11,10.3,2,78,0,1
18,Female,Low,2.95,54.7,0,0.3,9,55,1,1
26,Female,Low,2.82,50.8,15,11,4,48,0,1
28,Female,Medium,2.32,93.7,4,7.3,2,41,1,0
26,Female,High,3.31,61.8,8,12.2,4,22,0,0
21,Male,Low,3.94,60.6,9,14.3,9,51,1,0
26,Female,High,3.12,86.8,12,13.9,0,78,1,0
20,Female,High,3.43,66,14,13.6,3,52,0,0
24,Male,High,2.14,75.3,11,7.7,5,15,1,0
23,Male,Low,2.84,58.1,4,5.4,1,95,0,1
25,Female,High,2.23,98,4,7,6,36,1,1
28,Female,Low,3.23,92.6,17,10.3,7,17,0,0
26,Male,High,3.88,93.2,11,13.3,0,19,0,0
22,Female,Low,3.32,70.3,2,3.1,3,45,1,0
18,Male,High,2.15,88.1,6,13.8,3,1,1,0
20,Male,Medium,2.71,57.2,16,12.2,4,86,0,1
27,Male,High,3.1,50.4,18,14.7,3,93,0,0
29,Male,High,2.81,51,17,13.2,8,62,1,0
25,Female,Low,3.67,79.3,0,4.2,6,2,0,0
28,Male,Low,3.63,72.8,4,1.6,1,45,0,0
23,Male,High,3.22,75.9,1,1.7,0,48,0,1
25,Female,Medium,2.75,50.4,0,4.4,8,0,1,1
26,Male,Medium,2.51,71.1,6,9.2,0,21,0,0
21,Female,Low,2.21,85.9,10,12.1,5,92,0,1
18,Female,Medium,2.71,72.1,10,13.5,1,13,1,0
18,Female,High,2.83,86.6,17,9.4,3,91,0,0
27,Male,Low,3.35,61.7,16,0.1,5,84,0,0
21,Female,High,3.32,90.7,1,2.8,4,44,0,0
29,Female,,2.14,79.4,6,1.5,5,95,0,0
24,Male,Low,2.79,60.5,6,5.4,2,5,1,0
19,Female,Low,2.36,61.8,9,7.5,4,64,0,1
20,Female,Low,2.31,81.4,2,0.7,1,20,0,1
18,Female,Medium,3.65,91.5,11,5.2,6,3,0,0
22,Female,High,2.08,70.8,2,2.7,2,2,0,1
18,Female,High,2.84,62.9,10,9.7,0,29,0,0
25,Male,High,2.34,93.4,11,7,7,30,1,1
18,Female,Low,3.76,83.5,3,7.4,7,33,1,0
28,Female,Medium,3.11,72.4,15,6.4,2,82,0,0
18,Male,High,2.46,74.4,19,14.3,6,19,0,0
19,Male,Medium,3,60.2,17,3.2,8,86,1,0
19,Male,Low,3.46,81.3,3,7.7,7,53,1,0
29,Female,High,3.92,67.9,5,11,2,24,1,0
23,Male,Medium,2.44,99.8,14,8.4,1,14,0,0
24,Female,Low,3.77,,0,13.9,9,37,0,0
22,Female,Medium,3.87,74.3,2,5.7,6,22,0,1
18,Male,High,3.83,78.3,4,7,6,51,0,0
18,Male,High,3.27,95.8,16,1.3,8,65,0,0
20,Female,Low,3.26,90,13,9.1,4,56,0,0
19,Male,Low,2.81,72.6,8,4.3,3,56,1,0
22,Female,Low,3.5,85.9,2,2.4,7,78,1,0
29,Male,Medium,3.06,79.3,12,8.2,3,51,0,0
27,Male,Medium,3.35,74.6,2,8,3,34,0,1
23,Male,Medium,2.86,59.6,10,1.1,1,73,0,0
24,Female,Low,3.46,73.2,1,10.5,0,13,1,1
21,Male,High,3.65,62.3,14,9.4,3,90,1,1
24,Female,High,2.29,95.7,12,2.8,6,13,1,0
28,Female,,3.67,66.8,18,7,8,98,1,0
25,Female,Medium,3.08,97.6,15,10.8,8,32,0,0
28,Female,High,3.69,76.7,17,7.9,9,51,1,0
18,Male,High,2.86,81.6,6,5.9,0,0,1,0
23,Female,Medium,2.76,77.1,12,4.8,4,33,0,0
25,Female,Medium,3.83,56.5,3,9.2,6,18,0,0
22,Male,High,2.5,68.8,8,14.1,6,23,0,0
21,Female,Low,3.69,55,9,10.1,9,3,1,1
19,Male,Medium,2.97,81.1,8,1.1,5,35,0,0
23,Female,High,3.03,72.3,6,6.9,9,76,1,0
23,Male,High,2.62,88.9,14,13.4,3,57,1,0
28,Female,High,3.15,61,7,1.4,2,31,1,0
18,Male,High,2.65,58.2,18,14.8,8,8,1,1
26,Female,Low,2.08,70.3,10,14.2,9,79,0,0
29,Female,High,2.54,96.3,4,1.2,3,66,0,0
28,Male,Medium,2.01,85.5,1,14,7,19,1,0
23,Male,Low,3.96,70.9,9,5.4,0,73,0,0
20,Male,High,3.93,75.9,15,12.7,6,61,1,0
21,Male,Low,2.79,54.2,12,6.3,5,57,1,0
29,Female,Medium,3.46,99.2,7,6.6,0,21,0,0
28,Female,High,2.69,83.3,8,9.5,3,66,0,0
21,Male,Medium,3.34,64.3,10,11.6,4,74,1,1
20,Female,High,3.61,79.3,10,0.5,7,88,0,0
27,Male,High,3.89,55.5,15,8.9,3,47,1,1
20,Male,High,2.8,98.3,9,2.8,2,7,0,0
20,Female,High,3.57,58.7,11,5.2,1,72,1,1
21,Female,High,2.53,82.4,5,5.2,3,14,1,0
24,Female,Low,3.98,62.3,11,7,9,31,0,0
21,Female,High,2.05,85.9,9,5,3,52,0,1
26,Female,High,3.21,88.8,17,1.6,9,66,1,0
18,Female,Low,3.32,83.7,17,2.2,4,3,0,0
25,Female,Low,3.38,80.7,3,0.5,6,29,0,0
24,Male,Low,2.24,94.6,8,7.1,8,12,1,0
19,Male,,3.88,53.9,6,14.3,1,20,1,0
25,Male,Low,2.36,66.5,17,1.7,4,40,0,1
18,Male,Low,3.25,62.4,7,14.2,9,18,0,0
28,Male,High,2.45,99.4,10,11,8,47,1,0
29,Female,High,2.61,69.5,6,9.6,2,85,1,0
26,Male,Medium,3.09,86.6,8,9.7,0,62,1,0
26,Male,High,2.83,84.2,7,12.4,1,19,1,0
19,Male,High,2.32,60.6,2,1.6,5,63,1,1
24,Male,Low,2.34,61.9,16,7.6,4,36,1,0
27,Male,Low,2.84,64.1,1,10.5,0,30,1,1
20,Male,High,3.51,70.6,14,8.8,0,73,1,0
24,Male,Medium,3.8,61.7,13,12.5,3,17,0,0
29,Female,Low,2.17,51,17,1.1,3,19,0,1
27,Female,High,2.79,94,15,10.4,5,81,0,0
26,Male,High,2.2,98.3,19,8,5,10,1,0
21,Female,Medium,2.03,67.1,3,5.7,9,85,0,1
29,Female,Medium,3.32,66.9,19,5.1,5,43,1,0
18,Female,Low,3.2,50.4,5,9.3,0,81,0,1
19,Female,Medium,2.33,84,5,13.4,9,63,1,0
18,Male,High,2.47,91.3,10,7.4,8,33,1,0
29,Female,High,2.05,57.3,16,12.4,6,86,0,1
22,Female,Medium,3.67,58,2,6,6,64,1,1
22,Female,Medium,3.95,89.5,12,1.5,6,54,0,0
28,Male,Medium,2.27,80.8,2,0.9,1,73,0,1
24,Male,Medium,2.46,52.2,15,0.8,1,0,0,1
26,Male,Low,3.74,81.1,14,5.7,5,37,0,0
26,Male,Medium,3.85,65.4,10,5.1,6,8,0,0
20,Male,Low,2.84,68.4,17,10.8,2,94,0,0
20,Male,High,2.1,88.5,14,11.1,3,70,0,0
20,Male,Medium,2.08,90.5,4,0.8,2,16,0,1
21,Female,Low,3.15,70,15,3.3,6,98,0,0
25,Female,Medium,2.79,97.4,15,4.1,6,51,1,0
23,Female,High,2.06,70.3,16,8.2,3,17,1,0
25,Male,High,3.17,88.6,8,2.2,6,62,0,0
18,Male,High,2.02,74.2,2,2,4,32,1,1
25,Male,Medium,3.57,94.9,19,14.2,0,3,1,0
21,Male,Medium,2.61,95.4,12,12.1,9,86,0,0
28,Male,Low,2.08,54.4,2,2.7,3,74,0,1
18,Female,High,3.18,96.8,6,6.1,6,51,1,0
25,Female,Medium,2.8,91.3,5,5.3,1,8,0,0
21,Male,High,3.95,89.6,8,11.9,1,63,0,0
23,Male,High,3.09,60,11,7.7,0,29,0,0
25,Male,Low,2.55,90.3,14,1.9,1,7,1,0
21,Male,Low,3.42,92.5,19,11.1,9,4,0,0
20,Female,Low,2.54,64.5,2,6,7,75,1,0
26,Male,Low,3.81,97.6,9,3.9,7,62,0,0
20,Male,High,2.75,52.5,0,5.6,7,0,0,1
26,Male,Low,3.1,57.5,18,7.5,0,14,1,0
19,Male,,2.1,76.9,18,5.1,0,88,0,1
19,Female,Low,2.85,78.8,12,3.6,9,81,1,0
19,Male,Low,3.66,82.3,11,6,3,37,1,0
23,Male,High,3.61,50.8,0,0.3,5,41,0,0
20,Female,Low,2.45,98,18,11.6,7,45,0,0
26,Female,High,2.45,52.2,15,2.6,1,52,1,0
21,Female,Medium,3.63,57.2,14,0.7,2,25,1,1
18,Male,High,3.86,50.7,15,9.8,5,60,0,0
21,Male,High,2.19,78.3,10,11.6,9,66,0,0
18,Female,Low,2.9,96.6,5,12.2,3,53,0,0
22,Female,Medium,2.67,83.3,10,7.4,1,21,0,0
21,Female,Medium,3.74,91.1,2,3.1,6,25,0,0
25,Female,Medium,2.17,50.7,14,11.1,3,82,1,1
25,Female,Medium,2.42,77.1,0,10.5,7,59,1,0
24,Female,High,3.5,73,6,3.7,7,38,1,0
20,Male,Medium,2.1,74.9,0,13.6,6,35,1,1
18,Male,High,2.99,53.6,16,,9,20,0,0
18,Male,High,2.88,84.2,8,14.7,8,40,1,0
29,Female,High,2.67,75.2,12,12.9,3,47,0,0
28,Female,Medium,2.79,88.3,10,10.3,6,25,0,0
20,Female,Low,3.06,74.3,19,14.1,9,62,0,0
23,Female,Low,2.32,57.5,5,10.8,9,76,0,0
24,Female,Medium,3.14,82.4,0,2.9,0,35,0,1
23,Female,Low,3.61,58.6,6,6.6,3,23,1,1
23,Male,Low,3.52,93.6,11,1.1,1,89,0,0
23,Male,High,2.31,80.7,19,5.8,8,20,0,1
20,Female,High,2.3,57.9,18,11.1,4,17,0,0
23,Male,Medium,2.54,98.1,16,5.8,2,14,1,0
25,Female,Medium,2.72,75.9,3,5,3,78,0,1
28,Male,Low,2.82,53.6,2,8.9,5,5,0,1
28,Female,High,3.36,81.3,0,13.1,9,42,0,0
19,Female,Medium,2.11,62.7,17,0.7,0,30,1,0
22,Male,Medium,2.07,90.2,14,5.8,6,27,0,1
18,Male,Medium,2.78,90.9,7,2.4,7,7,1,0
29,Female,Medium,3.39,98.9,0,10.4,6,28,1,0
18,Female,Medium,2.39,75.1,19,1.6,6,20,0,0
22,Male,Medium,3.28,72.7,13,10,8,80,1,0
29,Male,Low,2.52,87.7,3,4.3,3,87,1,0
20,Female,High,3.77,56.6,4,3,6,57,0,0
21,Male,High,3.79,77.3,12,14,8,59,0,0
20,Female,Medium,2.59,77.3,14,0.3,4,49,0,0
18,Female,High,2.46,54.5,5,6.6,1,99,0,0
18,Female,High,2.82,70.9,0,0.3,4,30,1,0
29,Female,High,2.48,92.7,18,7.3,3,46,1,0
29,Male,Medium,3.34,92.8,12,7.5,7,33,0,0
22,Male,Medium,3.65,55,5,4.8,4,1,0,0
23,Male,High,3.35,54.5,14,2,8,66,0,0
20,Male,High,3.65,63.1,15,5.6,8,93,1,0
29,Male,Medium,2.79,93.7,15,10.1,2,71,0,0
26,Male,Low,2.31,56.4,9,11.7,9,51,1,1
22,Male,High,3.48,,8,8,5,6,1,0
25,Female,Low,2.72,55.1,8,8.8,5,75,1,1
18,Male,High,3.34,81.2,16,3,3,18,1,0
22,Male,Low,2.54,67.8,16,4.3,9,89,0,1
20,Female,Low,2.16,89.4,16,2.4,2,91,0,0
29,Male,Low,3.99,61.7,11,3.7,0,14,0,1
18,Male,Medium,2.31,82,12,3.4,6,77,1,0
21,Female,Low,3.98,61.8,11,7.8,4,47,1,0
22,Male,Low,3.95,85.7,13,8.4,9,13,0,0
24,Male,Low,3.59,93.7,9,14.2,6,2,1,0
18,Male,High,3.32,56.3,18,2.9,0,49,1,0
20,Female,Low,3.16,93.3,1,9.6,7,92,1,0
19,Male,High,3.73,79.7,3,12.3,2,53,0,1
26,Male,Low,2.58,56.4,18,8.4,6,5,0,0
27,Female,Low,2.94,71.4,6,3.8,2,48,0,0
23,Male,Medium,3.24,58,14,3.9,2,22,1,0
27,Female,High,2.82,85,14,0.6,9,91,0,0
20,Female,Low,2.85,87.9,5,4.6,8,77,0,0
25,Male,High,2.66,55.3,2,11.2,1,77,0,1
25,Female,High,3.13,75.3,5,0.7,3,19,1,0
19,Female,Medium,3.7,90.7,15,3.3,5,76,1,0
23,Male,Medium,2.4,96.8,1,10.6,2,90,1,0
24,Female,Medium,3.87,75.7,6,11.7,9,59,1,0
19,Female,Medium,3.38,97.5,10,6.8,9,98,1,0
28,Male,Medium,3.65,76.8,6,10.5,6,44,0,0
27,Male,Medium,3.11,69.7,3,5.8,6,60,0,1
19,Male,Medium,3.56,92.4,19,2.4,4,55,1,0
27,Female,Medium,2.03,74.6,6,6,2,1,1,1
18,Male,Low,3.64,73.6,3,8.7,1,44,0,0
25,Female,High,2.08,74.5,11,14.2,3,39,1,0
18,Female,Medium,3.78,92.3,4,1,3,23,1,1
26,Female,Medium,3.98,91.6,18,7.6,7,28,1,0
28,Female,High,2.59,70.2,4,4.9,7,66,1,1
23,Female,Low,2.42,66.7,18,7.6,4,67,1,0
24,Female,High,3.53,74.6,2,0.4,5,65,0,1
27,Female,,2.51,78.6,10,4.7,7,83,0,0
24,Male,Medium,3.73,61.9,6,12.3,0,53,1,1
27,Male,High,2.21,89.7,16,8.3,4,52,1,1
20,Female,High,2.25,74.3,8,6.8,3,78,0,0
19,Female,Medium,3.96,66.7,8,4.3,3,48,1,0
26,Male,Medium,3.35,55.3,9,4.5,1,31,0,0
25,Female,Medium,3.69,61.9,12,5.7,9,60,1,1
29,Male,Medium,2.65,97.5,14,12.5,0,41,0,0
27,Male,High,3.35,65.3,4,14.5,5,0,0,0
24,Male,High,3.19,58.4,2,6.6,6,62,1,0
26,Female,Low,3.21,73,7,5.9,4,34,1,0
21,Female,Low,3.37,65.4,19,12.7,7,50,0,0
21,Male,High,3.15,51.8,9,6.4,8,70,1,0
18,Male,Low,2.86,66.2,12,8.3,1,44,0,0
25,Male,High,2.55,77.2,2,3.5,3,76,1,0
29,Male,Low,3.54,77.6,7,11.2,8,64,1,0
20,Male,Medium,2.45,67.8,8,8,4,13,1,0
24,Female,Low,3.38,72.4,11,12.1,2,92,0,0
29,Male,Medium,2.47,98.3,10,11.7,5,2,0,1
19,Female,Medium,3.25,68.9,1,3.2,2,23,1,1
19,Male,Medium,3.49,62.9,17,10.7,4,64,0,0
24,Female,Medium,2.44,62.2,8,12,2,47,1,1
23,Female,Low,2.12,72.9,1,5.2,5,9,0,1
20,Female,High,2.26,88,1,2.6,9,12,1,0
26,Female,Medium,3.21,60.3,2,0,4,99,0,0
27,Female,Low,3.7,85.5,15,6.8,8,72,0,0
23,Female,Medium,2.09,51.1,18,5.3,2,13,0,1
27,Male,Low,3.47,70.9,3,8.3,5,99,0,0
27,Female,Low,2.68,88.8,17,2.8,7,9,0,0
23,Male,Low,2.96,66.9,19,12.9,6,39,0,1
18,Female,High,3.86,78.2,17,3.9,5,22,1,0
21,Female,Low,2.66,60.2,9,3.4,1,98,1,0
27,Male,Low,2.93,87.1,10,7.2,6,54,0,0
23,Female,High,2.03,52.6,16,7.5,7,62,1,1
23,Male,High,2.16,92.6,19,3.2,0,70,0,0
28,Male,Low,2.52,59.9,15,4.1,8,41,1,1
29,Male,High,2.06,93.7,19,2.5,3,98,1,1
22,Male,Medium,3.26,67.6,12,10.8,7,65,1,0
18,Female,Medium,2.85,86.1,1,11.6,9,78,1,0
25,Female,High,3.1,66,1,6.9,6,72,0,1
22,Male,High,2.35,95.3,13,10.7,9,46,1,0
29,Female,Low,2.59,56.3,3,11,6,80,1,0
29,Female,High,3.33,58.9,16,2.1,1,51,1,0
29,Male,Low,3.93,74.7,12,14.5,0,17,0,0
22,Female,Medium,2.1,54.1,3,12.3,3,78,1,1
24,Male,High,3.78,59.8,2,3.1,1,17,0,0
21,Male,Low,3.15,97.2,11,2.8,7,23,0,0
23,Female,Low,3.13,98.8,7,1.9,9,22,1,0
21,Female,Medium,3,68.8,1,2.1,6,11,0,1
20,Female,High,2.14,96.2,5,11.2,7,22,1,1
24,Male,Medium,2.18,77.2,9,7,5,20,1,0
25,Male,Low,3.2,63.5,11,11.7,0,63,1,0
21,Female,Low,2.68,85.1,9,11.2,8,89,1,0
19,Female,High,3.83,82.9,9,9.1,5,71,1,0
29,Female,Low,2.81,99.5,2,10.3,9,93,1,0
27,Female,High,2.29,63.3,19,0.3,0,33,1,1
20,Male,Medium,3.43,83.6,9,4.7,0,1,0,0
18,Female,High,2.59,52.6,8,9.6,7,68,0,0
25,Male,High,3.05,55.7,19,0.1,5,30,1,1
20,Male,Low,3.4,50.2,18,0.5,7,96,1,0
29,Female,Low,3.8,100,13,12.8,7,67,0,0
27,Female,High,3.58,90.1,1,10.3,7,69,1,1
24,Female,Low,3.35,89.3,4,4,9,86,0,1
27,Male,Low,3.36,75.5,19,10.3,6,18,0,0
22,Female,Low,3.89,65,7,11.9,6,71,1,0
27,Female,High,2.59,57.6,6,4.6,9,12,1,0
22,Male,Low,2,64.2,5,0.5,3,64,0,1
24,Female,High,2.54,68.8,10,14,8,5,0,0
26,Male,Low,2.44,87.8,11,5.2,1,70,1,0
29,Female,Medium,3.32,77,17,1.6,8,26,1,0
22,Male,Low,3.27,53.9,18,7.4,9,78,0,0
18,Female,Low,3.19,50.9,9,11.5,2,51,0,0
27,Female,High,2.03,55.1,13,3.3,1,97,0,1
27,Male,High,3.46,70.5,2,4,3,86,1,0
18,Male,Low,2.65,96.7,17,3.6,4,47,1,0
19,Female,Medium,3.33,81.9,14,14.9,1,87,1,0
23,Male,Low,3.11,90.1,5,3,0,78,0,0
26,Male,Low,2.69,73.3,9,8.6,9,98,0,0
25,Male,Medium,2.27,68.1,11,13.9,4,67,1,0
22,Male,High,2.19,55.4,6,2.2,8,43,0,1
18,Female,Low,3.66,93.8,16,14.6,4,16,0,0
24,Female,High,3.84,89.2,0,14.2,9,94,0,0
22,Male,High,3.3,58.4,17,13.3,8,37,0,0
23,Male,Medium,2.21,75.6,14,3.2,9,9,0,1
24,Male,Medium,2.8,74.4,18,9.5,5,53,1,0
20,Male,High,3.46,81.3,0,11.4,2,90,1,0
29,Female,Low,3.56,97.3,4,14.8,3,5,1,0
27,Female,High,2.24,79,14,2.7,3,5,1,1
20,Male,Low,2,77,2,11.5,0,51,1,0
22,Male,Low,3.42,52.5,0,5.1,2,14,0,1
23,Male,Medium,2.71,53.1,7,2.6,2,67,0,0
26,Female,Low,2.51,59.4,11,6.3,0,56,0,1
29,Male,Low,2.03,51.6,18,11.9,8,55,1,0
22,Female,High,3.08,87.2,11,7,0,6,0,0
18,Male,Medium,3.7,86.2,12,8.1,8,50,0,0
21,Female,Low,3.92,56.8,0,14.9,0,57,0,1
22,Male,Low,3.13,91.8,18,6,1,63,1,0
29,Female,Medium,3.03,57.7,5,9.2,1,25,0,0
27,Male,High,2.17,65.1,7,5.5,5,57,0,1
27,Male,Medium,3.1,62.4,3,5.9,6,30,1,0
22,Male,Medium,2.76,68.6,4,10.4,0,65,1,1
24,Female,Low,3.21,62.7,6,14.1,2,91,0,1
21,Male,Low,2.78,74.4,3,8.1,1,12,1,0
18,Female,High,2.48,70.4,19,11.5,7,17,0,1
22,Female,Low,2.19,99.3,3,1.3,8,93,1,1
24,Male,Low,2.63,52.8,14,3.2,1,74,0,0
27,Male,Medium,2.19,57.1,4,7.5,1,12,0,1
27,Male,Low,2.35,52.6,8,0.3,9,23,1,1
23,Female,High,3.97,81.3,1,3.8,8,56,1,1
22,Male,Medium,2.89,52.7,6,7.8,3,28,1,0
21,Female,High,3.06,91.8,16,0.2,4,55,1,0
19,Female,Medium,3.75,75.6,15,4,8,53,0,0
21,Male,Low,3.99,76.4,16,7.7,5,4,1,0
27,Male,Medium,3.17,78.1,19,8.6,9,34,0,0
27,Male,Medium,3.62,58.5,1,13.9,8,18,0,1
20,Male,Low,2.65,59.9,10,9.7,8,54,0,0
27,Male,Low,2.61,65.9,1,6.2,6,76,1,1
18,Male,High,2.81,79.7,0,14,9,68,0,1
25,Female,High,3.35,60.5,1,11.8,8,43,0,1
22,Female,Low,3.36,55.8,8,3,4,77,1,0
21,Female,Low,2.63,98.5,1,2,4,37,0,0
25,Male,Low,2.27,51.1,14,10.1,7,61,0,1
24,Female,Medium,3.26,90.1,9,8.4,9,21,0,0
19,Female,Medium,2.26,89.4,14,11.8,3,72,1,0
18,Female,Medium,3.16,64.9,9,11.1,8,39,0,0
29,Female,Low,3.39,56.8,16,9.4,6,25,0,0
28,Female,High,3.4,57.3,8,14.8,6,4,0,0
21,Male,Low,3.51,84.9,17,8,2,92,1,0
25,Male,Medium,3.75,82.1,3,1.7,3,53,1,0
29,Female,Medium,3,89.1,8,12.4,6,85,1,0
19,Female,Low,3.46,96.9,15,3.8,4,48,0,0
20,Female,Low,3.24,84.6,3,11.7,2,2,0,0
29,Male,Medium,2.37,57.8,15,14.4,0,91,0,1
18,Male,Medium,2.05,62.2,18,10.5,6,37,0,1
18,Female,Medium,2.57,92.1,0,8.9,5,13,0,1
20,Male,Low,2.89,60.5,5,6.9,9,46,1,1
28,Male,Medium,3.23,53.6,9,5.5,6,13,0,0
22,Female,Medium,3.7,85.2,15,5.3,1,74,0,0
29,Male,High,2.39,70.1,3,9.5,3,72,1,1
20,Male,Low,2.25,96,12,11.3,1,37,1,0
18,Female,High,3.93,82.5,15,10.2,7,63,0,0
18,Male,High,2.22,54.5,19,3,6,43,1,1
25,Male,Medium,2.96,97.4,5,7.4,0,69,1,0
27,Female,Low,3.17,62.9,10,11.9,1,64,1,0
28,Male,Medium,3.08,66.9,2,7.1,1,24,0,1
29,Male,Low,2.17,70.1,19,8,3,15,1,0
29,Female,High,2.11,52.6,9,11.6,2,14,0,1
19,Female,Low,2.21,74.8,0,9.9,0,97,1,0
20,Female,Medium,3.17,56.2,19,6.1,1,80,0,0
19,Male,Medium,3.09,70,10,13.4,8,2,0,0
20,Female,Medium,2.47,67.5,11,2.4,0,66,0,1
24,Male,Low,3.28,88.6,13,14.9,8,36,1,0
18,Female,High,3.64,90.2,7,1.8,6,80,1,0
27,Male,High,2.08,57.7,10,0.2,1,54,1,0
25,Female,Low,3,68.3,3,13.4,1,37,0,1
27,Female,Medium,3.38,68.7,6,3.7,4,62,1,0
27,Female,High,2.5,57.6,9,10.9,4,0,1,1
27,Female,Medium,2.62,89.9,18,12.2,3,70,0,0
19,Male,Low,3.23,85.4,3,12.9,9,89,1,0
20,Female,Medium,3.8,59.5,1,14.9,9,18,0,1
26,Female,High,3.62,68.3,17,4.4,2,51,1,0
24,Male,High,3.17,55.3,13,10.7,3,29,0,1
21,Female,Medium,3.46,81.4,15,1.7,9,54,0,0
27,Male,Low,2.73,56.1,10,6.1,3,13,1,0
22,Female,Medium,3.28,99.3,9,12.7,1,12,0,0
19,Female,Low,2.93,89,16,5.5,4,83,1,0
28,Female,Medium,2.38,69.5,13,8.9,4,89,1,1
25,Male,High,3.4,78.9,3,7.6,4,26,1,0
21,Female,Low,3.11,95.6,18,9.7,9,88,1,0
26,Female,Low,2.72,77.7,1,14.6,0,8,0,0
22,Female,Low,3.82,58.7,6,0.8,5,40,0,0
26,Male,High,2.04,68.9,8,8.6,1,47,0,1
21,Male,Medium,2.63,92.2,18,12.9,6,11,1,0
27,Female,High,2.11,82.2,15,7.2,3,9,1,0
22,Male,Low,3.53,82.5,15,1.2,4,5,0,0
26,Female,Medium,3.4,93.3,17,8.4,4,33,0,0
25,Female,High,2.66,94.7,10,5,4,51,1,0
20,Female,Low,3.35,96,6,2.3,1,40,1,0
18,Female,Low,2.79,54.7,8,12.7,4,82,1,1
20,Female,High,3.51,77.2,3,7.8,2,5,0,0
21,Female,High,2.91,87,12,14,3,1,1,0
19,Female,High,2.82,87.8,3,12.1,1,14,0,0
18,Male,Low,3.87,80.3,18,10.4,3,16,1,0
24,Male,High,2.5,58.3,1,0.1,8,15,0,1
25,Male,Low,2.24,89.9,8,6.4,7,27,1,1
24,Male,High,3.17,86,11,3,2,84,0,0
22,Male,Low,3.94,54.3,1,13.7,0,71,0,1
29,Male,Low,2.76,73.2,5,2.6,0,9,0,0
18,Male,Medium,2.12,58.7,4,4.3,5,9,1,1
24,Female,High,2.68,66.9,4,7.8,2,9,0,1
24,Female,High,3.01,50.9,19,4,3,72,0,1
26,Female,Low,2.32,70,4,3.1,0,27,1,1
20,Female,Low,3.32,77.5,3,9,7,23,0,0
26,Male,Low,4,81,8,1.3,0,18,0,0
18,Male,Medium,2.9,83.2,9,0.9,4,96,1,0
18,Female,Medium,2.71,91.8,15,5.6,5,67,0,0
21,Female,Low,2.8,60.8,9,10.8,1,55,1,1
26,Male,High,2.23,56,9,8.3,6,66,0,0
23,Female,High,3.77,92.6,18,6.3,6,41,1,0
28,Female,Medium,2.83,57.8,9,8.5,0,11,0,0
20,Female,Medium,2.77,98.7,5,5.5,3,17,0,0
18,Female,Low,3.32,92.1,16,14,3,22,0,0
21,Male,High,2.88,75,4,0.8,4,83,1,1
29,Female,Low,3.3,99.1,5,10.1,0,5,0,0
26,Female,Medium,2.12,54.9,14,13.4,0,52,0,0
20,Male,High,3.63,65.2,18,12.1,6,97,1,0
29,Male,High,3.88,81.9,17,2.8,8,41,1,0
26,Female,Medium,3.3,67.5,3,4.4,0,65,1,1
24,Male,Low,3.91,96.4,7,10.8,1,29,0,0
29,Female,Low,2.3,53.3,15,1.3,5,8,0,1
21,Female,High,2.95,77.5,18,12.2,5,90,0,0
20,Male,Medium,3.2,79.5,19,10.8,1,41,1,0
27,Female,High,3.16,82.6,2,10.9,8,33,1,0
22,Female,Medium,2.8,62.8,9,1.5,3,39,0,0
22,Female,Low,2.68,68.2,1,10.8,6,87,0,1
20,Female,Medium,2.25,92.2,3,10.2,5,16,1,0
29,Male,Low,2.78,59.7,5,12.5,2,28,1,1
26,Male,Medium,2.33,91.3,10,0.6,7,99,1,0
21,Female,High,3.47,78.1,13,0.3,6,49,0,0
28,Male,Low,2.42,88.1,15,5.6,8,75,1,0
22,Female,High,2.12,85.7,18,2.2,2,94,1,1
21,Female,High,3.1,60.4,1,8.4,0,48,1,0
22,Female,Low,3.19,78.4,16,13.8,1,72,1,0
24,Female,Low,3.74,93.4,8,5.9,0,60,0,0
26,Female,High,3.15,71.6,16,12.7,4,82,1,0
24,Male,High,2.69,98.3,14,0,9,45,0,0
22,Female,High,3.61,72.6,6,2.5,1,45,0,0
27,Male,High,3.08,57.1,18,0.5,2,16,1,0
27,Male,Low,2.16,69.5,2,4.9,7,65,1,1
24,Female,Low,3.13,97.6,0,13.6,9,4,0,0
27,Female,High,3.82,66,3,1.5,4,53,1,1
22,Female,Medium,2.79,93.4,17,9.1,3,15,0,0
20,Female,Medium,2.59,94.1,7,6.8,4,80,1,0
24,Female,Low,2.29,67.5,18,14.1,9,90,0,0
28,Male,High,2.3,54.2,5,1.8,5,6,0,1
28,Female,High,2.87,86.2,0,3.2,6,7,0,0
19,Female,Low,3.19,65.6,7,0.4,8,71,1,1
29,Male,Medium,2.16,89.1,0,6.5,0,86,0,0
26,Male,Medium,3.88,72.1,18,4.2,3,95,0,0
27,Female,Medium,3.51,74.3,10,13,8,81,1,0
27,Male,Low,3.17,88.9,14,9.1,4,37,1,0
29,Female,Medium,3.66,69.1,10,9.2,7,53,0,1
18,Male,Low,2.16,72.2,18,8,0,75,0,1
23,Male,Low,2.95,68.8,9,1.4,3,14,1,0
24,Female,High,3.26,68.4,11,6.7,8,91,0,0
25,Male,Medium,3.66,76.3,0,15,0,49,1,1
27,Male,Low,3.57,90.4,6,12.5,0,55,1,0
26,Male,Medium,2.55,68.1,16,13.4,3,94,1,0
19,Male,Medium,3.88,76.2,9,12.3,2,8,0,0
28,Male,High,2.25,83.5,5,1.5,6,7,1,0
27,Male,Medium,3.75,63.5,16,3.4,2,18,0,1
19,Female,High,3.94,63.9,17,0,0,50,0,1
22,Female,Low,2.35,96.7,4,4.6,9,71,1,1
22,Male,Medium,3.44,86.2,17,1.6,1,97,1,0
23,Female,Low,2.08,78.9,16,7.1,9,56,1,0
20,Female,Medium,2.81,82.4,15,10.2,3,67,1,0
25,Female,Low,3.03,,7,13.1,0,30,0,1
18,Male,Medium,3.16,80.9,12,11.2,0,2,0,0
23,Female,Medium,3.87,75.5,15,14.1,7,98,1,0
21,Male,Medium,3.34,77.3,10,0.8,6,82,0,0
18,Female,Medium,2.96,68,5,0.2,7,42,1,1
24,Male,Medium,3.62,54.1,2,9.9,3,28,0,1
26,Male,Medium,3.9,59.7,0,4.3,5,9,0,0
21,Female,Medium,2.04,97.5,17,3.8,2,11,0,0
21,Female,Medium,3.97,70.4,4,5,7,45,1,1
23,Male,Medium,2.17,73.3,12,4,3,29,0,0
29,Female,Low,3.63,52.6,9,7.7,2,93,0,0
20,Female,High,2.56,51.9,4,6.6,3,81,,0
29,Female,Medium,2.26,85.9,13,7.7,5,87,0,0
23,Male,High,2.88,76.9,16,10.1,6,31,1,0
24,Male,Medium,3.29,75.4,0,5.8,6,72,0,1
28,Female,Medium,2.76,62.2,1,3.8,3,46,1,0
27,Female,Low,2.11,87.2,6,2.5,7,87,1,0
27,Female,Low,3.2,58.4,9,5.2,6,62,0,0
20,Male,High,3.8,59.5,19,11.1,1,25,0,1
24,Male,Low,2.77,73,6,11.4,7,2,1,0
20,Female,Low,2.43,64.3,15,10,8,22,1,1
19,Female,High,2.89,62.4,4,3.5,4,74,1,1
29,Female,Low,2.1,82.3,11,8.8,3,73,0,0
27,Female,Medium,3.64,82.5,16,8.6,3,49,0,0
21,Female,High,3.65,91.2,15,7.3,3,35,1,0
29,Female,High,3.18,70.9,19,8.2,5,12,1,0
25,Male,Medium,2.71,53.7,15,7.4,3,28,1,0
26,Female,Low,3.6,63.7,18,8.5,6,37,0,1
24,Male,High,3.11,99,14,10.7,6,76,0,0
18,Female,High,3.65,79.8,11,1.6,4,89,1,0
20,Female,Medium,3.26,85.5,9,11.2,4,83,0,0
29,Male,Medium,3.57,50.4,1,2,9,4,1,1
26,Male,Low,3.2,75.9,6,1,7,19,0,0
29,Male,High,2.83,51.9,12,14.6,6,77,1,0
18,Male,Low,3.92,78.5,2,14.4,6,13,0,0
26,Female,Low,3.08,96,14,0.9,5,7,0,0
25,Male,Medium,3.21,98.4,0,6.6,6,47,0,1
18,Female,High,2.44,77,2,2.8,6,12,0,0
23,Male,High,3.25,72.9,9,7.3,9,23,0,0
22,Female,High,3.14,97.3,14,12.5,1,78,0,0
23,Female,Medium,2.37,83.7,5,14.3,9,64,0,0
27,Female,Medium,2.12,53.2,19,9.5,1,85,1,1
29,Female,Medium,3.21,73.3,14,5.3,9,33,1,0
22,Female,Medium,3.53,62,6,9,6,50,1,0
23,Female,Medium,3.05,73.5,4,4.7,9,2,0,1
22,Male,High,2.45,72.8,3,13.6,6,89,0,1
28,Female,Low,3.33,79.1,17,13.1,6,77,0,0
29,Male,High,2.16,67.8,2,8.4,4,57,1,1
22,Male,Low,2.88,58.2,16,4.9,0,71,1,0
21,Female,Medium,2.33,75.2,17,4.4,1,54,1,1
20,Male,Low,2.37,91.5,17,0.5,8,79,1,0
20,Female,High,2.4,83.2,1,12.2,7,41,1,1
21,Male,High,2.77,66.9,12,6.8,7,20,1,1
26,Female,Low,2.1,96.8,14,4.9,9,9,0,0
19,Male,Medium,2.8,95.6,4,7.1,0,56,1,0
26,Female,Medium,3.02,60.5,2,12.3,5,24,0,0
18,Female,High,2.97,52,4,1.9,8,55,1,0
18,Female,Low,2.77,87.1,4,12.9,7,37,1,0
22,Female,Medium,3.68,91.4,4,13.5,2,85,0,0
23,Male,Medium,2.29,98.4,2,14.2,3,60,0,1
23,Female,High,3.01,94.5,2,6,2,46,0,1
20,Male,Medium,2.12,80,19,3.3,5,53,1,0
24,Male,Low,2.14,76.5,17,5.6,8,45,1,0
26,Male,High,3.15,51.4,19,5,7,67,0,0
28,Female,High,3.13,62.3,3,2.6,9,3,1,1
29,Male,Low,3.76,73,0,9.1,3,93,0,0
27,Male,High,3.12,81.4,15,7.1,1,65,1,0
25,Male,Medium,3.92,77.9,7,13,7,92,1,0
23,Female,Medium,2.1,87.1,16,0.5,7,42,1,0
29,Female,Low,2.2,64,7,9.7,5,61,0,1
25,Male,Medium,2.09,78.2,6,11.4,7,99,1,0
29,Female,Low,2.37,54.4,7,11.4,8,84,0,1
22,Female,Low,3.08,70.7,11,13.3,0,84,0,0
25,Male,Medium,3.29,87.5,15,10.9,8,84,0,0
27,Male,Low,2.09,84.7,11,13.9,1,3,0,0
29,Female,Medium,3.89,99.5,18,5,0,64,0,0
21,Male,High,3.68,63.9,9,7.5,7,61,0,0
27,Female,High,2.59,74.9,6,0.2,7,89,0,0
25,Female,Low,2.15,66.5,11,0.1,3,1,0,1
27,Female,Medium,2.34,72,19,3.6,7,8,0,1
29,Female,Medium,2.25,92.8,4,1.5,6,56,1,1
19,Female,High,2.25,84.2,15,3.9,1,44,0,1
29,Female,High,3.04,94.1,8,2.7,4,17,1,0
29,Male,Medium,2.49,60.2,6,0.4,9,47,0,1
22,Male,Low,2.72,93.7,19,13.6,3,41,1,0
26,Female,High,3.98,53,13,0.1,2,40,1,0
21,Female,Low,3.37,94.4,10,11,0,74,1,0
28,Female,Low,3.9,66.5,6,2.3,4,88,1,1
23,Male,High,2.29,65.7,9,13.7,9,89,1,1
18,Female,Low,2.76,75.6,8,13.4,7,57,1,0
26,Male,Low,3.11,97,3,9.8,8,99,0,0
18,Female,Medium,2.15,52.4,15,10.1,6,41,0,0
22,Female,Low,2.01,67.6,9,0.1,0,34,0,0
21,Male,Medium,3.34,92.8,18,14.8,0,37,0,0
29,Male,High,3.28,69.8,16,13.2,0,66,0,0
20,Female,High,2.82,60,8,13.4,1,40,0,1
23,Female,Medium,2.98,71.2,12,9.9,0,98,1,0
19,Female,High,2.83,69.3,0,5.2,3,49,0,1
20,Male,Low,2.05,95.8,1,13.4,9,85,1,0
22,Male,Low,2.67,88.1,12,4.4,8,71,1,0
26,Male,Low,2.35,75.3,8,8.4,3,78,1,0
19,Male,High,2.2,99.4,6,1.5,3,44,1,1
27,Male,Low,3.91,73.3,15,13.8,6,70,1,0
25,Male,High,3.2,52.9,18,2.1,8,18,1,0
19,Female,Low,3.46,63.1,6,3.4,6,16,0,0
28,Female,Medium,2.63,71.8,5,8.4,0,64,1,0
22,Male,High,2.79,57.8,17,11.5,0,92,1,0
24,Female,High,2.47,97.4,18,9.3,3,76,0,0
25,Female,Low,2.19,88.3,10,3.5,3,55,0,0
18,Male,High,2.36,63.4,11,0,0,92,0,1
23,Female,High,3.6,79.5,9,11.4,5,40,0,0
18,Male,Medium,3.36,86.1,12,14.8,9,41,0,0
19,Male,Medium,3.09,97.1,11,12.1,1,5,0,0
18,Female,Low,2.95,94.1,9,6.9,4,68,0,0
28,Male,Medium,3.84,75.8,19,13.6,7,97,1,0
22,Male,Low,2.15,88.7,17,6.1,2,74,0,1
27,Male,Low,2.56,78.1,3,7.9,8,72,1,1
26,Male,Low,2.7,77.6,4,7.2,6,39,0,0
23,Male,High,3.56,55.7,4,6.7,8,40,0,1
28,Male,Medium,3.99,56.3,11,11.6,0,8,1,0
28,Male,Low,2.48,76.5,2,7.9,4,7,0,1
18,Male,Medium,3.75,63.4,7,4.8,2,43,0,0
18,Female,Low,3.66,51.1,1,3.9,3,57,0,0
19,Female,Medium,2.45,86.1,17,0.6,3,66,0,0
26,Female,Medium,2.8,51.6,8,8.7,6,12,0,0
20,Male,Low,2.82,79.8,12,3.4,9,18,0,0
18,Male,High,3.96,77,6,2.2,7,97,0,0
22,Female,Medium,2.36,98.4,9,9.8,9,95,1,0
24,Female,High,3.6,74.2,8,10.2,4,48,0,0
23,Female,High,2.67,53.2,14,11.3,9,79,1,0
29,Male,Low,3.46,77.6,4,7.6,6,99,1,0
18,Female,Low,2.84,92.1,11,13.4,2,81,1,0
22,Female,Low,3.16,99.8,0,14,2,77,1,0
22,Male,Medium,3.67,71.5,11,12.1,2,29,1,0
23,Female,Low,3.61,66,5,9.5,3,65,1,0
20,Male,Low,3.73,95.3,18,4.6,5,76,1,0
22,Male,Medium,2.12,59.6,18,14.7,4,90,0,1
24,Male,Medium,3.38,80.8,15,4.1,7,58,0,0
22,Female,Low,2.28,70.3,18,3,4,52,0,0
22,Female,Low,2.83,52.1,2,6.6,4,51,1,1
22,Male,Low,3.1,67.4,9,0.9,9,80,0,0
27,Female,Low,2.81,63.3,17,14.7,1,30,1,0
27,Female,High,3.04,84.3,12,8.8,4,14,1,0
20,Female,High,3.99,97.4,17,8.4,6,19,0,0
18,Female,Low,2.27,63.4,2,9.8,1,4,1,1
22,Male,High,3.35,90.6,2,7.5,5,6,1,0
26,Female,Medium,2.79,52.8,11,0.5,6,17,0,0
18,Male,High,2.27,76.9,19,9.2,4,55,1,0
20,Male,High,2.32,53.5,6,10.7,8,74,0,0
21,Female,Low,3.9,96.7,7,6.3,3,95,1,0
18,Male,High,3.76,88.3,8,11.4,9,90,1,0
18,Female,High,3.81,82.9,13,3.4,0,89,0,0
25,Female,High,3.98,91.2,4,3.3,7,44,0,0
19,Male,High,2.42,82.4,18,2.4,7,27,0,0
29,Male,Medium,2.71,98.4,15,5.6,6,49,1,0
25,Male,Low,3.34,85.7,11,12.7,7,1,1,0
24,Male,Low,2.97,,3,12.4,1,83,0,0
27,Female,Medium,2.84,75.9,7,5.7,2,67,0,0
27,Female,High,2.72,55.9,6,8.8,8,76,0,0
19,Female,Medium,3.19,76.4,14,10.8,0,23,1,0
23,Male,High,3.15,56.3,5,3.6,7,47,1,1
23,Male,Medium,2.32,79.6,4,2.5,7,44,0,0
20,Male,Low,2.94,74.1,13,14.6,6,92,0,0
28,Female,Low,3.11,81.1,12,9.3,4,57,0,0
19,Male,Low,3.14,50.5,9,14.7,3,35,1,0
29,Female,High,2.42,59.7,17,5.1,9,1,0,1
18,Male,High,3.48,74.6,3,10.5,9,17,0,0
23,Female,Medium,2.05,97.5,7,3.3,9,48,0,0
29,Female,Medium,2.71,69.2,10,3.9,9,7,1,0
22,Male,Low,3.56,71.2,16,7.7,5,57,1,0
28,Male,High,3.13,85.7,17,4.8,0,14,0,0
26,Female,Medium,2.52,80.2,10,2.5,4,16,1,0
18,Female,High,3.39,64.9,15,3.9,3,22,0,0
24,Male,High,3.13,70.5,11,0.5,3,65,0,0
22,Male,Low,3.59,60.9,12,10.6,6,69,0,0
22,Female,Low,3.47,98.3,15,7.4,8,92,0,0
19,Male,High,3.22,56.5,0,1.4,7,26,1,0
28,Female,High,2.98,68.6,15,2.6,7,36,0,0
20,Female,High,2.27,51.3,14,1.5,4,48,0,1
24,Male,High,2.52,61.1,5,9.2,5,63,1,0
23,Male,Low,2.84,89,11,1.4,1,33,0,0
29,Male,Medium,3.2,60.1,7,11.3,2,17,1,1
19,Male,Low,3.03,54,6,0.3,4,63,0,1
23,Male,Medium,2.58,73.7,1,3.7,1,73,0,0
19,Female,High,2.01,50.5,11,13.4,2,43,0,1
19,Female,Medium,2.99,54.2,13,10.8,3,16,0,0
19,Male,Low,2.57,90.4,15,1.1,5,58,1,0
28,Male,Low,3.47,88.6,10,12.3,4,12,0,0
20,Male,High,2.05,95.8,19,7.4,9,51,1,0
19,Female,Low,3.17,92.7,8,12.7,3,59,1,0
21,Male,High,3.88,84.2,9,9,1,41,1,0
26,Male,Low,2.35,52.6,16,10.2,4,90,0,1
23,Female,Low,2.94,89.1,11,14.9,4,63,1,0
18,Female,High,2.18,92.3,5,3.5,6,65,1,0
25,Male,Medium,3.25,90,18,9.4,0,33,1,0
29,Male,Low,3.1,75.4,10,6.9,3,94,0,0
24,Male,Medium,2.81,61.6,8,0.6,4,86,0,1
27,Female,Low,3.04,92.3,5,0.2,7,70,1,0
20,Male,Low,3.79,86.4,15,1.8,7,63,1,0
18,Male,Low,2.39,99,19,9.7,0,32,0,0
22,Male,Low,2.05,57.8,15,8.5,4,11,1,1
21,Female,Medium,3.72,61.3,5,8.3,9,75,1,1
27,Female,Medium,3.15,60.6,4,0.5,0,18,1,1
25,Male,Low,3.78,89.6,3,7,0,8,0,0
18,Male,Low,3.19,59.3,1,13.9,1,73,1,0
27,Female,Medium,3.62,53.3,5,6,1,16,1,1
18,Female,High,2.86,99.9,8,9.4,8,49,0,0
29,Female,High,3.5,51.2,16,11.7,3,38,1,0
21,Female,Medium,3.83,91.8,13,11.8,2,40,0,0
25,Female,Low,3.14,68.3,6,7.8,0,9,0,1
22,Female,Low,2.36,92.1,18,12.9,1,11,0,0
19,Female,High,2.54,77.7,0,5.9,5,78,1,0
23,Female,High,2.4,95.1,19,13.3,8,94,1,0
22,Female,Medium,2.49,96.3,14,3.6,4,14,1,0
19,Male,High,2.61,50.5,17,4.2,3,27,1,1
28,Male,Medium,3.11,53.8,2,0.8,4,3,1,0
28,Male,High,3.18,62.5,17,11.9,8,35,1,0
28,Female,High,2.85,83.5,1,6.3,6,64,1,0
20,Male,High,3.23,94.4,9,3.4,7,97,1,0
26,Female,Low,2.16,73,10,3.5,3,46,0,1
24,Female,Low,2.18,80.3,2,13.5,7,80,1,0
24,Male,Low,2.34,59.4,6,12.5,5,38,1,0
28,Female,High,3.04,90.2,7,8.3,4,37,0,0
23,Male,Medium,2.43,98.4,18,9.2,6,43,1,0
25,Male,Medium,2.57,63.4,17,7.1,5,50,0,1
21,Male,Medium,2.8,74.7,12,5.9,2,96,1,0
25,Female,Medium,3.62,54.3,12,13.7,4,84,1,0
21,Male,Low,2.03,78,18,1.9,8,25,0,0
25,Female,Low,3.3,75.1,11,6.3,6,35,0,0
26,Male,High,3.34,57.2,16,5.2,3,68,1,1
20,Male,High,3.6,72.1,11,7.5,6,96,0,0
20,Male,Medium,3.87,66.7,12,6.9,4,0,1,1
28,Female,Low,2.04,76.1,11,7.8,1,52,1,0
19,Female,Medium,2.31,79.3,18,2.1,5,5,1,1
27,Female,High,3.77,50.4,13,7.7,6,36,1,0
20,Male,High,2.92,88.1,6,3.6,7,1,1,0
20,Male,Medium,3.13,85.7,12,2.8,5,68,1,0
22,Female,High,3.33,68.3,5,1,7,89,0,0
22,Female,Medium,3.36,52.6,18,11.4,6,40,0,1
19,Female,Low,3.86,87.7,18,6.4,1,50,0,0
29,Female,Medium,3.99,97.8,3,9.4,5,46,1,0
27,Female,Low,3.44,62,18,10.9,8,12,0,1
23,Female,Low,2.57,66.2,8,10.2,5,75,1,0
22,Male,High,3.76,59.2,15,7.1,3,68,0,0
23,Female,High,2.1,78.8,3,5.8,6,65,1,1
18,Male,High,2.46,57.7,5,5.6,2,58,1,1
22,Male,Medium,3.79,67.8,7,9.6,4,67,1,0
26,Female,Medium,2.51,84.9,15,7.4,0,58,1,0
29,Female,High,2.44,78,4,12.7,9,90,1,1
27,Male,Medium,2.28,69.3,9,13.1,2,9,0,1
19,Female,High,3.72,71,12,2.6,7,12,1,0
18,Female,Medium,3,78.1,13,2,8,1,0,0
27,Male,Low,3.35,50.3,6,9.5,8,89,1,1
28,Male,Low,2.48,53.9,19,4.5,9,14,1,1
26,Male,High,3.52,94.1,5,0.3,1,45,1,0
27,Female,Medium,3.52,53.9,6,13.3,3,56,0,1
26,Male,Medium,2.63,85.3,4,3.4,4,9,1,1
26,Female,Low,2.82,96,17,13.9,2,21,0,0
23,Male,Low,2.42,63.5,11,10.8,0,88,1,0
25,Male,High,3.95,68.5,5,11.4,5,78,0,0
28,Male,Low,3.29,78.4,0,3,9,76,0,0
18,Female,High,3.87,94.1,3,3.5,1,7,0,0
27,Female,Low,2.61,97.1,18,7.8,8,20,1,0
21,Male,Low,3.56,87,11,2.6,0,84,1,0
18,Male,Medium,3.53,54.3,14,4.6,8,21,0,0
25,Male,Low,3.38,83.5,2,4.8,6,96,1,1
18,Female,Low,3.93,70.5,19,2.4,9,44,1,0
20,Male,High,2.79,73.5,7,3.1,1,90,1,0
21,Female,Low,2.26,52.5,10,11.8,5,39,0,0
25,Male,High,3.34,59.6,15,2.5,7,21,0,0
23,Male,Low,3.46,89.5,8,0.4,1,29,1,0
27,Male,Low,3.15,72.7,2,9.4,4,61,0,1
29,Male,High,2.41,65.1,4,14.6,5,72,1,1
24,Male,Medium,3.01,69.2,19,5,2,44,1,0
25,Male,High,2.62,92.7,13,1.8,1,34,0,0
19,Female,High,2.85,87.4,14,8.6,5,81,0,0
27,Male,High,3.29,63.6,5,13.6,2,41,1,1
28,Female,Medium,3.49,55.9,3,11.8,1,4,1,1
25,Male,Low,2.46,62.6,7,9.3,0,26,1,1
20,Male,High,2.81,96,18,4.7,7,69,0,0
24,Female,High,2.54,79.1,4,8.1,0,61,0,0
20,Male,Medium,2.4,76.7,12,1.4,4,31,1,1
24,Female,High,3.57,79.8,15,10.2,5,7,1,0
28,Female,Low,3.82,68.3,0,10.9,2,84,0,0
29,Male,Medium,2.74,90.4,12,14.5,6,17,1,0
19,Female,Low,3.5,76.2,10,3.9,1,77,0,0
27,Female,Low,3.79,55.8,7,0.3,6,14,0,0
23,Male,Medium,3.69,56.5,7,8.2,1,25,1,0
20,Female,High,2.37,76.8,13,10.6,4,52,1,1
20,Male,Low,3.91,96.8,12,11.9,6,43,0,0
26,Male,Low,2.75,65.4,2,2.9,2,31,1,1
24,Male,Low,2.68,93.5,3,3.9,3,27,0,0
22,Male,Low,2.12,,19,7.7,0,38,0,0
29,Female,Medium,2.97,62.4,14,5,2,31,0,0
27,Male,Medium,2.22,51.8,14,12.9,8,76,1,1
24,Male,Low,2.5,55.1,12,7.1,9,78,1,1
26,Female,High,2.63,86.4,8,12,4,17,1,0
18,Male,Low,3.62,60,9,8.7,7,69,0,0
24,Male,High,3.75,68.6,11,11.6,1,10,0,0
23,Female,Low,2.6,75.1,13,5,2,31,0,0
27,Female,High,3.72,86.3,0,12.5,6,19,0,1
29,Female,Low,3.71,55.7,13,4.1,9,96,1,0
26,Female,High,3.53,70.3,13,8.2,3,39,1,0
18,Female,Low,2.29,74.3,7,3.2,8,7,1,0
21,Female,Low,3.38,77,15,7.1,6,34,0,0
26,Female,High,3.89,90.9,13,4.8,0,68,0,0
21,Male,Medium,3.37,58.6,0,4,3,98,1,1
27,Female,High,2.66,90.4,15,14.5,9,77,0,0
20,Female,Medium,3,84.6,17,2.4,5,20,1,0
26,Female,Low,3.29,77.8,6,11.8,5,23,0,0
19,Male,High,3.02,85,14,14.8,9,16,0,0
21,Male,High,2.24,70.6,16,0.3,5,17,0,1
23,Female,High,2.62,56.9,18,10.5,4,97,0,1
19,Female,Medium,3.6,83.3,12,3.8,2,11,0,0
25,Female,Medium,3.72,76.2,8,0.6,1,15,1,0
25,Male,Low,2.27,82,14,6,2,3,1,0
18,Male,Medium,3.9,66.9,2,14,8,88,1,0
29,Female,Medium,2.66,95.3,0,0.2,2,33,0,0
20,Male,Low,3.32,79.4,15,8.8,2,91,1,0
27,Female,High,3.5,54.3,7,7.5,0,45,1,0
26,Male,High,3.62,72.5,12,13.1,1,74,0,0
22,Male,Low,3.89,87.8,7,1.3,2,76,0,0
23,Female,High,2.63,89.7,16,10.2,1,30,1,0
21,Female,Medium,3.72,74.7,13,10.2,7,24,1,0
27,Female,Low,2.26,94.7,6,10,5,73,1,0
19,Female,Low,3.41,63.4,14,14.1,6,23,1,0
28,Male,Low,3.48,70.5,15,12.3,0,64,1,0
25,Male,High,3.36,94.9,18,0.6,5,24,0,0
28,Male,Low,2.5,94.8,5,7.1,1,27,1,0
23,Female,Low,3.75,84.3,0,6,5,35,1,1
22,Male,Low,2.34,92.9,11,4.7,2,81,1,1
26,Female,High,2.11,54.4,17,6.8,6,5,1,0
18,Male,Medium,3.43,93.2,15,5.8,2,65,1,0
22,Female,Low,2.95,66,11,6.5,8,66,1,0
23,Female,Medium,3.7,58.9,19,14.7,2,71,0,0
22,Male,High,2.77,62,12,1.3,6,94,0,0
23,Female,High,2.34,70.9,7,13.8,3,47,0,0
23,Female,High,3.67,62.6,0,7.2,7,82,1,1
24,Male,High,3.1,66,6,9.4,1,69,1,1
21,Female,Medium,2.38,56.7,14,12.5,7,77,0,1
28,Female,Low,3.44,64.8,12,5.4,8,66,1,0
25,Female,High,3.02,78.6,12,6.5,7,47,1,0
24,Male,High,3.21,72.1,8,6.1,5,64,1,0
26,Male,Medium,2.92,67.3,14,5.6,9,43,0,0
24,Female,Medium,3.66,87.3,3,13.9,0,93,0,1
20,Male,High,3.66,94.7,12,12.4,6,62,0,0
20,Female,Low,3.42,87.8,11,1.6,0,45,1,0
25,Female,Low,2.21,66.6,4,1.6,6,18,0,1
22,Female,High,3.68,87.2,6,6.4,1,63,0,0
21,Female,Medium,3.34,57.6,7,1.5,7,82,0,1
25,Female,High,3.39,56.5,4,9.3,1,72,1,1
23,Male,High,2.73,67.3,8,2.2,2,70,0,0
19,Female,Medium,3.76,90.4,13,7.8,2,49,0,0
21,Male,High,3.45,62.3,11,0.1,0,62,1,0
29,Male,High,2.23,53.2,3,4.7,4,40,0,1
28,Female,High,2.82,56.6,19,10.2,4,6,1,0
21,Female,Medium,3.77,92.9,7,7.3,9,8,1,0
23,Male,Low,2.09,81.7,16,14.7,4,3,0,1
23,Male,Low,3.92,62.7,7,13.1,8,88,0,0
18,Male,Medium,3.36,77.8,0,5.4,5,48,0,0
25,Female,Low,3.26,76.4,19,0.7,5,75,1,0
23,Male,High,2.54,82.8,1,12.7,2,5,0,1
20,Female,Low,2.5,61.7,3,13.7,4,81,0,1
26,Female,High,3.88,93.2,0,12.3,9,20,0,0
19,Female,Low,2.6,65.5,6,1.9,6,14,1,0
28,Male,Medium,3.55,84.7,0,15,2,66,1,0
25,Female,Low,2.79,50.8,8,3.9,1,65,1,0
27,Female,Low,2.28,68.6,2,10.9,4,55,0,1
20,Female,Low,2.02,67.6,11,13.6,2,67,0,0
29,Female,Medium,3.09,77.2,18,3.5,4,31,1,0
22,Female,Low,3.95,53.6,14,13.6,8,65,0,0
23,Male,Medium,2.74,89.5,15,4.6,9,28,0,0
27,Female,High,2.71,60.9,9,14.6,0,65,1,0
23,Female,Low,2.69,83.9,5,4.2,3,33,1,0
21,Male,Medium,3.04,90.2,16,14.3,9,26,1,0
20,Female,Medium,2.88,78.1,16,0.8,4,59,0,0
21,Male,Low,3.76,87,18,10.6,1,38,0,0
18,Female,High,3.01,83.1,17,8,1,43,0,0
21,Male,Medium,3.02,67.8,10,7.2,0,81,1,0
18,Male,Low,2.28,90.4,6,3.4,7,35,1,0
29,Female,High,3.97,64.7,9,10.6,1,18,0,1
18,Female,Medium,2.5,78.6,6,2.9,2,90,1,0
27,Female,Medium,2.15,87.3,4,8.3,1,44,1,1
23,Male,High,3.33,68.9,11,3.8,3,83,0,0
22,Male,High,3.19,65.1,15,14.3,0,20,1,0
28,Male,Low,2.83,73,17,0.4,2,22,0,0
21,Female,Low,2.84,90.9,2,3,4,93,1,1
28,Male,Medium,3.57,96.5,19,3.6,9,88,0,0
20,Male,High,2.39,77.3,14,6.2,0,94,1,0
18,Female,High,3.64,83.1,4,3.5,3,26,0,0
23,Male,High,3.3,95.2,12,7.4,5,97,1,0
19,Male,Medium,2.84,54.9,18,13.1,3,71,1,0
25,Female,High,2.92,61.6,11,10.7,6,18,1,0
27,Male,High,2.51,85.4,4,8.7,6,40,1,0
22,Female,Medium,3.5,91.2,5,1.3,5,25,1,0
24,Female,Low,3.03,92.9,6,10.4,8,27,0,0
27,Female,Low,2.64,70.8,9,2.5,1,63,0,0
29,Female,Medium,3.19,54.5,15,11.8,9,67,0,1
19,Female,High,3.99,71.9,7,3.8,7,94,1,0
25,Male,Medium,2.87,61.5,8,6.3,7,79,0,1
19,Male,Low,3.84,64.6,3,5.3,9,50,1,1
21,Female,Low,2.69,88.6,7,12.9,3,73,1,0
18,Female,Medium,2.11,53.8,6,1.9,5,47,0,1
22,Male,Medium,2.41,91.4,14,8.5,5,9,0,0
26,Female,Low,2.84,71.4,2,2.1,4,72,1,1
18,Female,Medium,2.44,79.8,16,10.6,0,38,1,1
26,Female,Low,2,54.5,10,13.6,2,99,0,0
28,Male,Medium,3.83,66.9,8,6.5,6,99,0,0
25,Male,Medium,3.69,54.5,4,7.3,7,18,1,1
23,Female,Medium,3.48,98.1,9,13.9,1,63,1,0
24,Female,Low,2.34,90.4,14,7.8,2,18,0,1
20,Male,Medium,2.24,73,13,7.3,3,75,1,0
18,Male,Low,2.14,61.2,3,8.7,4,61,1,1
22,Female,Low,3.45,96.7,19,10.3,2,12,0,0
29,Female,Medium,3.86,67.2,1,1.6,4,24,0,0
29,Male,Medium,2.86,58,11,12.3,7,99,1,1
19,Male,Low,2.24,78.2,0,6.5,7,88,1,0
22,Male,Low,3.02,97.2,19,1.1,1,91,0,0
25,Female,High,2.7,50.2,4,11.8,5,41,1,1
28,Male,Low,2.75,61.9,5,5.7,3,38,0,0
26,Female,High,3.24,96.9,10,1.5,8,29,1,0
19,Male,High,3.44,58.6,7,9.5,9,4,0,0
29,Male,High,2.22,55.7,6,13.2,1,80,1,0
20,Male,Medium,2.07,78.5,3,13.3,7,17,1,1
20,Male,Medium,3.99,93.1,5,14.4,0,20,1,0
18,Female,Low,2.47,73.9,15,13,5,85,0,0
25,Female,High,2.11,99.7,19,0,9,49,0,0
23,Male,Medium,2.38,84,14,5.7,0,5,0,0
29,Female,Medium,2.08,53.7,13,12.3,1,49,1,1
25,Male,Medium,2.78,99.6,11,5.5,2,79,1,0
28,Male,Medium,3.6,70.4,11,9,8,65,0,0
26,Male,Medium,2.68,64.4,15,9.1,4,0,0,0
22,Male,High,2.89,77.9,14,5.5,9,56,1,0
29,Female,High,3.35,65.2,12,13.6,9,29,1,0
20,Male,High,3.02,54.3,10,7.5,1,57,1,1
22,Male,High,3.72,50.1,16,7,9,51,1,0
22,Female,Low,3.73,72.5,14,15,4,36,0,0
22,Male,High,2.02,91.8,13,7.4,4,47,0,0
20,Male,Medium,3.56,78.6,9,2.7,0,86,1,0
28,Male,High,2.92,100,11,7.7,2,0,1,0
27,Female,Low,3.98,64.3,15,12.2,4,18,1,1
21,Male,Medium,2.97,64,14,11.7,8,45,0,1
26,Female,High,3.97,58,9,11.8,9,66,0,0
27,Male,High,3.51,58.2,3,10.6,0,1,1,1
26,Male,High,2.5,64.3,8,3.8,7,55,1,0
19,Female,Medium,3.08,89.6,19,12.9,0,16,1,0
25,Male,Medium,3.98,95.3,8,13.4,8,91,1,0
25,Male,Low,3.72,98.8,19,2.9,5,81,1,0
24,Female,Medium,2.19,61.6,10,2,0,96,1,1
25,Female,Medium,3.41,94.1,10,14.6,7,78,0,0
20,Female,High,2.69,66.4,6,13,4,21,0,1
23,Female,Medium,2.01,55.6,9,13.4,6,26,0,0
18,Female,High,2.81,93.5,3,13.3,6,54,1,1
24,Male,High,2.47,81.8,4,8.1,6,31,1,1
18,Female,Medium,3.64,58.2,4,9.7,5,59,1,1
26,Male,Low,2.67,71.5,10,8.2,7,82,0,0
18,Male,Low,3.66,64.4,8,0.8,8,27,1,0
18,Male,Medium,2,86.8,15,11.2,1,27,0,0
24,Female,Low,2.62,72.7,8,7.6,6,73,1,0
19,Female,High,2.48,99.5,3,9.7,1,83,1,1
22,Male,High,2.47,52.7,1,7.5,5,24,1,1
25,Female,Medium,2.14,67.8,13,,1,84,0,0
25,Female,Low,2.37,74.1,2,2.6,9,77,0,0
20,Female,Low,3.11,75.2,17,4.2,5,85,0,0
24,Female,High,2.58,65.8,5,2.4,1,25,1,0
20,Male,Medium,2.83,86.5,10,2.9,0,74,0,0
23,Male,Low,2.75,93.7,17,14.6,6,70,1,0
23,Female,Medium,3.75,96.9,11,2.3,2,16,1,0
20,Male,Low,3.81,90.3,4,4,3,81,0,0
24,Female,High,2.99,92.5,8,8.9,5,6,0,0
20,Female,High,2.66,77.5,19,9.2,4,55,1,0
25,Male,Medium,2.21,91.3,17,2.3,3,63,1,0
27,Male,High,3.91,65.2,18,11.9,8,19,1,0
21,Male,Low,2.12,69.9,2,11.8,5,37,1,1
18,Female,High,2.6,65.8,8,3.6,5,74,0,1
21,Male,Medium,2.6,73.4,3,4.3,1,57,0,0
24,Female,Medium,2.64,64.3,16,14.1,5,15,0,1
28,Male,Medium,2.33,98.1,16,12.4,6,50,1,0
21,Male,Low,3.57,65.6,1,10.5,7,26,1,1
23,Female,Low,2.24,54.9,8,1.2,7,50,1,1
26,Female,Low,3.27,76.3,8,6.3,8,74,0,0
18,Female,Low,2.25,52.9,4,8.4,9,15,1,1
22,Female,Low,2.14,55.5,14,2.8,2,86,1,1
28,Female,High,3.82,61,14,6.7,9,59,0,1
24,Female,Low,2.38,73.2,2,9,6,75,0,1
18,Female,Low,3.64,71.7,18,4.9,6,39,1,0
21,Female,High,3.09,90,2,11.7,0,66,0,0
23,Male,Low,2.16,87,5,12.6,7,1,1,0
19,Female,Medium,3.91,71.3,3,4.9,3,47,0,0
27,Female,Low,2.49,66.7,12,12.6,4,51,1,1
22,Male,Low,3.72,65.8,12,1.6,5,23,0,1
28,Female,Medium,2.34,88.7,10,12.6,2,92,0,1
27,Male,Medium,3.71,52.6,4,2.3,4,97,0,1
18,Male,Medium,2.03,50.6,0,1.2,9,83,0,1
23,Female,Medium,3.02,89.8,8,9.6,4,81,1,0
23,Male,Low,3.54,73.9,16,7.1,0,77,1,0
21,Female,Medium,3.87,56.5,0,13.6,2,81,0,0
25,Male,Medium,3.82,61.8,2,5.4,2,1,1,1
21,Male,High,3.64,96.6,14,4.3,0,64,0,0
25,Male,Medium,3.78,93,9,7.5,6,19,0,0
25,Female,Medium,2.4,85.5,7,6.8,0,33,1,0
22,Female,High,2.57,74.1,11,5.2,6,40,1,0
21,Male,High,2.58,76,14,10.4,3,40,1,0
29,Male,Low,2.75,98.8,8,11.4,8,74,1,0
19,Female,High,2.79,98.3,9,12.8,6,90,1,0
28,Female,Low,3.09,60.8,19,14.6,4,22,1,0
20,Male,High,2.32,90.6,8,4,6,37,1,0
20,Male,High,3.38,59.9,14,10.7,8,43,0,1
21,Female,Low,2.34,60.7,0,5.9,9,66,1,1
21,Female,High,2.62,83.8,1,10.2,5,61,0,1
27,Female,Low,3.01,70.3,18,7.1,0,11,1,0
28,Female,High,3.59,96.6,13,14.9,5,29,1,0
28,Female,Medium,3.48,54.5,7,10.9,0,94,0,1
22,Male,High,3.29,75.6,5,14.3,3,86,0,0
21,Female,Low,2.31,95.9,11,12.5,7,64,0,1
28,Male,High,3.09,95.2,14,13.5,4,40,0,0
27,Female,Low,2.17,57.8,13,12.2,4,19,1,0
25,Male,Low,2.75,68.3,0,6.9,9,5,1,1
23,Female,Medium,2.83,81,10,3.8,7,74,0,0
23,Female,Medium,2.08,58,2,5.6,7,98,0,1
25,Male,Low,2.55,98.4,18,0.3,0,3,1,0
24,Male,High,3.91,95.7,17,7.9,4,92,1,0
27,Female,Low,3.91,58.3,19,7.6,4,9,0,1
28,Female,Low,2.7,56.1,1,7.9,7,50,1,1
29,Female,High,2.09,54.3,6,14.6,0,92,1,1
27,Female,High,2.36,95.5,7,13.7,6,37,0,0
25,Female,High,2.78,59.7,18,2.4,6,0,0,1
19,Male,High,3.9,70.8,14,5.5,8,7,0,0
26,Male,Low,2.28,72.4,9,6.4,1,80,0,0
18,Female,Low,3.53,80,0,5.4,2,82,1,1
25,Male,Medium,2.22,53.6,5,12,3,62,0,1
29,Male,Low,3.96,61.3,12,7.9,0,32,1,1
28,Male,High,2.76,96.6,13,8.6,6,14,1,0
29,Female,Medium,3.55,95.4,2,12.8,9,30,1,1
29,Male,High,2.69,89.1,10,12.1,2,20,1,0
21,Female,Low,3.26,51,2,2,2,2,0,1
21,Male,Medium,2.38,66.4,18,10.7,2,65,1,1
22,Female,High,2.29,81.4,9,6.5,7,34,0,0
25,Male,Medium,3.88,63.8,14,4.4,8,40,1,0
22,Female,Medium,3.84,95.5,10,0.8,9,58,0,0
25,Female,Low,3.77,81.7,14,7.3,1,15,1,0
27,Male,High,3.25,53.6,12,5.3,9,55,1,1
18,Female,Medium,3.62,95.5,4,3.8,9,44,0,1
29,Female,Medium,2.14,97.9,3,10.4,0,58,0,1
27,Female,High,2.67,53.9,12,11.5,8,49,0,0
26,Female,Medium,2.63,76.6,8,3.7,5,84,0,0
23,Female,Medium,3.27,65.2,16,0.7,8,11,1,0
20,Female,Medium,2.71,69.6,1,12.7,5,91,1,0
25,Female,High,2.3,59,4,0.1,1,11,1,1
26,Female,High,3.19,78.9,15,14.1,0,32,1,0
23,Male,High,3.63,97.9,6,9.4,7,83,1,0
28,Male,High,2.76,75.2,0,4.8,2,48,0,0
24,Female,Low,2.26,54.1,11,3.7,0,20,0,1
18,Female,Medium,2.39,81,10,0.1,7,59,1,0
22,Male,High,2.47,67,11,3.5,0,51,0,0
22,Male,Medium,2.6,92.8,18,2.1,7,53,1,0
27,Male,Medium,3.29,71.7,11,9.2,0,38,1,0
21,Female,Low,3.2,59.6,11,2.5,8,48,0,0
23,Male,High,3.39,59.6,13,7.9,8,63,1,1
24,Female,High,2.73,88.4,1,8.9,8,99,0,1
26,Female,Medium,3.65,63.3,1,4.5,2,85,1,1
18,Male,High,2.41,88.4,3,0.5,3,25,0,1
23,Female,Medium,2.94,60.3,19,0.6,4,70,1,0
24,Female,Medium,3.6,66.1,15,0.4,5,6,1,0
20,Female,Low,2.36,73.3,9,11.1,8,71,0,0
25,Female,Low,2.22,97.2,12,4.8,3,61,1,0
22,Male,Low,3.77,96.6,1,11.9,5,89,1,1
26,Male,Medium,2.69,60.3,2,6.5,0,87,0,1
22,Female,High,3.37,67.9,18,6.8,1,23,0,1
26,Female,Low,2.05,57.5,5,7.7,7,39,0,1
27,Male,High,3.38,75.5,18,10.7,3,75,1,0
21,Female,Low,2.63,73,19,4.1,9,46,0,0
26,Male,Low,2.11,95,18,1.8,6,7,0,0
22,Female,Medium,3.22,96.5,7,8.3,3,53,0,0
27,Female,Low,2.48,69.2,13,4.9,8,8,1,0
26,Male,Low,2.77,74.6,9,6.6,8,2,0,0
20,Male,Medium,2.16,94.8,2,9.7,3,53,1,1
21,Male,High,2.29,90.3,5,7.4,7,20,1,1
26,Male,Low,2.6,50.2,14,9.3,5,94,0,0
27,Female,Medium,2.18,66,17,8.2,0,47,1,1
28,Male,Low,3.82,71.1,13,11.1,6,46,1,0
23,Female,Medium,2.01,61.5,18,10.6,0,87,1,0
19,Male,High,2.97,60,9,8,2,67,1,1
24,Male,High,2.25,51.9,14,10.2,7,83,1,1
19,Female,Medium,2.62,82.2,3,13.1,8,62,0,0
28,Male,Medium,3.85,63.1,1,6.5,2,15,0,0
19,Male,Medium,2.32,52.6,2,6.2,0,73,0,1
28,Male,High,3.93,61.5,6,11.5,0,89,1,0
18,Male,Low,2.41,90.1,15,8.7,6,92,0,1
28,Female,High,3.48,92.6,9,1.1,4,4,1,0
28,Female,Medium,3.09,74.2,18,13.4,0,10,1,0
29,Male,Medium,3.77,70.8,16,0.5,5,28,1,0
28,Male,High,3.11,98.9,18,11.2,5,78,1,0
20,Male,Medium,3.07,60,4,11.4,3,69,0,1
23,Female,High,2.39,60.8,19,14.3,6,47,1,0
25,Female,Medium,2.33,64.6,12,0.8,6,14,0,1
26,Female,Low,3.83,58.6,12,9,8,83,0,0
24,Female,Low,2.66,69,10,6.4,0,33,1,0
21,Male,Medium,2.74,95.5,10,5,4,59,0,0
23,Male,High,3.52,80.8,15,1.4,9,61,0,0
22,Male,Low,2.68,70.6,14,8.4,2,1,0,0
25,Female,High,3.9,96.7,16,7.2,6,79,1,0
18,Male,Medium,3.48,52.4,17,1.6,3,18,1,0
18,Female,High,3.19,60.5,18,9.2,3,97,1,0
28,Female,Low,3.76,78.3,3,11.1,0,48,0,0
23,Male,High,2.1,80.8,4,11.5,0,77,0,1
27,Male,High,2.51,52,6,13.6,9,87,1,1
29,Male,Medium,2.93,70.2,1,6.1,1,27,1,0
19,Female,Medium,2.45,82.5,0,14.3,1,47,0,1
22,Female,Medium,3.49,84.9,11,13,0,95,1,0
18,Male,Low,3.84,81.9,9,4.4,7,36,1,0
24,Male,Low,2.85,66,7,2.4,5,73,0,0
18,Female,Medium,2.68,54.7,0,6.5,5,48,0,1
21,Male,Medium,3.92,71.4,11,6,9,47,1,0
26,Female,Low,2.89,56.4,1,8.6,9,72,1,1
18,Female,Low,2.98,97.4,9,8.8,8,87,1,0
21,Male,Low,2.7,73.8,16,11.2,4,99,1,0
23,Male,Low,3.82,65.9,2,7.6,3,28,0,0
23,Male,Medium,3.14,88.3,6,1.6,5,59,1,0
29,Male,Low,3.52,74.9,11,12.9,7,28,1,0
25,Female,Medium,3.62,65.5,7,4.6,0,57,0,0
18,Female,High,2.68,90.6,19,14.6,6,47,0,0
24,Female,High,2.87,93.4,11,1.8,7,22,0,0
18,Male,Low,3.7,83.7,2,14.4,8,26,0,0
24,Female,High,2.73,52.3,16,1.4,7,94,0,0
20,Male,High,3.59,78.3,8,3.5,6,6,0,0
28,Male,High,3.88,88.2,9,0.7,2,48,0,0
25,Male,Low,3.25,56.8,5,10.6,1,53,1,0
20,Male,Low,3.48,61.4,0,12.8,2,67,1,1
18,Male,High,3.61,94.1,11,6.5,3,77,0,0
25,Male,Medium,3.69,51,4,13.9,3,41,1,1
20,Female,High,2.79,87.6,12,8.9,5,73,1,0
19,Male,Low,2.1,73.7,14,9.5,6,58,0,0
18,Female,Low,2.8,72.3,10,12.7,3,43,0,0
20,Female,Low,3.35,50.4,7,4.5,9,97,0,0
19,Male,High,2.9,91,4,5.3,5,25,0,0
19,Male,Medium,3.5,68,1,13.6,8,22,0,1
23,Male,Low,2.71,77,11,13.5,5,72,1,0
29,Female,Low,3.27,83.9,1,14.6,2,7,1,1
18,Male,High,2.37,85.1,15,13.5,0,52,0,1
19,Female,Medium,3.5,97.8,2,1.9,9,13,0,0
23,Male,High,3.09,76.6,9,12.4,9,70,1,0
20,Male,Low,2.41,70,18,6.1,4,6,1,1
21,Female,Medium,2.58,97.7,7,14.9,9,8,1,0
18,Female,Medium,3.5,82.1,6,7.1,9,2,0,0
25,Male,Low,2.97,64.9,0,8.3,2,77,0,1
24,Female,Medium,2.43,56.3,11,7.9,7,16,1,0
24,Female,Medium,3.93,92.1,4,4.8,9,43,0,0
20,Female,High,3.43,68.1,15,1.1,0,85,1,0
27,Female,Low,3.91,83,3,13.4,1,45,0,0
27,Female,Low,2.85,73.5,16,12,2,89,0,0
20,Male,Low,2.95,59.9,1,2.1,2,57,1,1
19,Male,Low,3.8,80.1,11,11.7,7,27,1,0
29,Female,Low,3.05,53,0,9.4,4,13,0,0
18,Male,Medium,3.41,70.7,11,6.1,7,8,1,0
24,Male,High,2.5,77.3,11,3.8,5,25,0,0
24,Female,Low,2.89,71.8,11,12.9,1,1,1,0
29,Male,High,2.25,87.4,18,10.5,3,74,1,1
19,Female,High,2.41,91.4,16,8.2,8,80,0,1
24,Female,Medium,2,88.6,19,9.1,3,33,0,1
25,Male,Low,2.08,51.9,10,1.4,4,18,0,1
18,Female,Medium,3.95,59.7,12,7.1,4,38,1,0
26,Female,Low,2.48,76.8,7,2.9,9,81,1,0
24,Female,Medium,3.33,96.7,9,3.1,7,12,0,0
20,Female,High,3.68,91.7,7,9.9,5,4,1,0
25,Female,Low,3.1,92.1,19,13.7,9,49,0,0
24,Male,High,2.31,65.2,7,6.1,6,22,0,1
28,Male,High,3.46,71.5,8,3.1,5,87,0,0
25,Female,Medium,3.2,73.5,6,9.7,4,28,0,0
23,Female,Low,3.46,57.9,13,13.1,4,71,0,0
26,Male,High,3.54,51.6,1,11.2,2,25,1,1
22,Female,Medium,3.95,97.3,10,13,6,78,1,0
20,Male,Low,3.15,62,7,8,9,56,0,0
20,Female,Low,2.68,62,12,11.3,4,0,1,0
18,Female,High,3.3,54.2,14,2.1,6,27,0,0
29,Female,Low,2.14,96.4,2,5.2,1,61,1,0
25,Female,High,3.79,79,13,5.8,8,46,1,0
19,Female,Low,2.24,83.4,14,7.7,7,77,0,1
20,Female,Medium,2.66,95.6,1,13.9,4,97,1,0
25,Female,High,3.63,67.3,18,13.1,1,58,0,0
25,Male,High,3.19,81.1,11,2,5,30,1,0
28,Male,Low,2.79,51.9,19,2.6,7,69,0,0
21,Male,Low,2.95,59.3,3,5.4,6,48,0,0
21,Female,High,3.71,91.6,2,4.4,7,4,0,0
22,Female,Low,2.68,88.3,4,9.2,3,30,0,0
23,Female,Medium,3.74,67.5,2,13.5,2,36,0,1
22,Female,Low,2.18,68.8,14,14.4,6,78,0,0
24,Female,Medium,3.55,76.7,18,9.8,1,14,1,0
19,Female,Medium,3.7,50,1,12.6,4,51,0,1
24,Female,Medium,2.36,62.1,11,7.9,6,68,1,1
27,Male,Medium,2.86,60.4,4,3.1,0,91,0,0
24,Female,Medium,2.33,62.5,16,7.9,3,96,1,0
18,Male,Low,3.41,90.3,13,8.3,1,10,0,0
24,Male,Medium,3.07,64,9,11.1,5,42,0,0
22,Female,Low,3.27,59.6,2,3.3,0,69,1,0
20,Female,Medium,2.39,75.2,3,5.5,6,22,0,1
20,Male,High,2.42,93.3,5,5.5,2,39,0,0
21,Male,Medium,2.08,62.1,15,14.4,0,62,0,0
29,Female,High,2.64,53.9,6,6.7,7,1,0,0
19,Female,Medium,3.12,67.8,14,11.3,6,78,1,1
19,Male,Medium,3.72,87.4,19,11.3,1,86,0,0
18,Female,Medium,3.33,77.5,10,4,6,85,1,0
22,Female,High,2.87,90.8,0,8.6,2,72,0,0
21,Female,High,3.91,98,4,13.4,8,46,0,1
28,Male,Medium,3.44,89.6,12,7.1,7,29,0,0
27,Male,Low,3.86,80.2,13,14.2,4,15,0,0
19,Male,Medium,3.06,74.7,8,3.2,6,58,1,0
20,Female,High,2.52,52,16,1.1,2,46,0,1
24,Female,Medium,2.11,99.2,14,13.4,0,29,0,0
24,Male,High,3.45,69.2,6,12.7,0,8,0,0
29,Male,High,2.24,57.6,11,14.9,1,64,1,1
21,Male,High,2.61,83.3,5,10.2,7,58,1,0
22,Female,Medium,3.06,64.2,15,14.1,0,63,1,0
22,Male,High,3.13,79.3,4,12.4,4,7,1,1
23,Male,High,3.2,79.3,8,12.7,8,51,0,0
26,Female,Medium,2.33,72.3,13,8.5,8,17,0,0
19,Female,High,2.76,91.8,7,5.7,1,90,1,0
22,Female,Medium,3.23,63.2,13,14,6,81,0,0
29,Male,High,3.94,72.4,11,6.5,0,95,0,0
20,Female,Low,3.46,76.9,9,8.1,2,57,1,0
21,Female,Low,3.85,83.2,19,6.7,5,48,0,0
27,Male,High,3.52,89.2,19,8.5,8,31,1,0
23,Female,Low,3.18,69.7,12,7.1,9,47,1,0
29,Male,Medium,2.38,82.3,18,0.7,1,44,1,1
25,Male,Low,3.33,57.5,14,13.2,6,53,1,0
18,Female,High,3.25,96.6,7,6.7,3,99,1,0
27,Female,High,3.2,69.2,9,8.8,1,99,1,1
25,Female,Medium,2.98,86.5,2,2.1,2,84,0,0
28,Female,High,3.06,51,2,0.1,5,45,0,0
24,Female,Medium,2.67,60.3,4,3.7,9,95,0,1
18,Female,Low,3.04,74.4,15,10.6,8,30,1,0
19,Male,Low,2.4,93.9,16,1.5,7,36,1,0
20,Male,Medium,3.61,76.4,5,13.6,9,15,1,0
18,Female,Medium,2.37,96.5,19,3.2,8,45,0,0
26,Male,High,2.17,74.2,19,3.1,3,45,0,0
25,Female,Low,2.87,74.5,15,2.7,3,77,1,0
19,Male,Medium,3.32,56,1,0.2,8,87,1,1
26,Male,Low,2.88,90.1,19,11.6,7,88,1,0
24,Male,Medium,2.55,62.3,14,13.1,1,60,1,0
26,Female,Low,3.12,95,17,9.2,7,45,1,0
23,Male,High,2.69,95.5,0,2.8,0,50,0,0
23,Female,Low,3.87,97.2,18,4.3,8,61,1,0
28,Male,Low,3.85,76,11,7.1,8,34,1,0
21,Male,Low,3,83.9,7,14.3,7,80,1,0
27,Male,Low,2.66,88.9,5,3.7,4,41,1,0
27,Male,Low,3.47,56.6,11,11,4,44,0,0
19,Male,High,2.07,80,6,6.6,2,67,1,1
24,Female,Medium,2.95,51.7,17,4.5,4,74,1,0
22,Female,Low,2.67,74.9,13,6.8,3,46,1,0
28,Male,High,3.84,57.7,7,1.1,0,78,0,1
23,Male,Low,2.02,59.1,19,12,8,29,1,0
19,Male,Low,3.11,68.3,13,3.6,9,23,0,1
22,Male,Medium,3.48,71.6,4,10.9,3,65,1,0
27,Female,Low,2.97,81.2,8,1,2,42,1,0
21,Male,High,2.17,53.7,7,14.3,5,33,1,0
26,Female,High,3.94,75.2,1,2.9,0,22,1,1
23,Male,Medium,3.04,59.1,15,13.2,4,60,1,0
19,Female,Low,3.23,78.7,12,12.1,6,94,1,0
18,Male,High,2.47,81.9,6,14.5,1,36,1,1
22,Male,Low,2.97,77.8,15,7.2,9,12,1,0
26,Female,Low,2.86,86.9,6,10.9,8,96,1,0
23,Male,Low,2.15,66.8,13,5.6,5,70,0,1
27,Male,Medium,2.21,88.3,13,2.8,1,95,0,0
29,Male,Low,3.67,71.6,11,6.6,7,6,0,0
24,Female,High,2.48,74.2,0,2.5,7,41,0,1
22,Male,Low,2.39,82.4,0,14.7,0,37,1,0
27,Male,High,3.01,50.9,11,1.4,0,51,1,0
23,Female,Low,3.54,82.7,19,8.8,0,43,0,0
22,Female,High,2.12,80.9,14,9.4,3,63,0,1
28,Female,High,3.15,65.5,3,8.1,3,12,0,1
26,Male,Low,2.24,54.3,6,9.9,7,87,0,1
23,Male,Low,2.07,54.5,15,1.7,0,27,1,1
28,Male,High,2.11,96.2,2,8.3,9,95,0,1
25,Female,Medium,3.67,84.5,6,4.3,2,81,1,0
19,Male,Low,2.24,56.4,5,14.1,0,97,1,0
29,Male,Medium,2.09,67.8,15,11.4,8,97,1,0
26,Female,Low,2.88,79.6,7,14.6,9,0,0,0
22,Female,Low,3.69,91.8,5,0.6,8,42,0,0
24,Female,Low,2.52,52.2,9,4.3,6,41,1,0
27,Female,Low,2.84,61.8,15,2.9,7,94,0,0
18,Female,Medium,2.08,94.5,10,0.2,0,49,0,0
27,Male,Low,2.9,50.5,12,3.6,4,59,1,0
22,Female,High,3.16,60.1,5,10.2,1,0,1,1
29,Male,High,3.14,98,0,3.5,0,50,0,0
27,Male,Medium,2.66,80.7,18,7.6,2,15,1,0
19,Female,Low,2.63,63.1,11,13.3,6,38,0,0
29,Female,High,2.21,53.3,5,10.4,0,14,0,1
23,Female,Medium,2.73,51.4,17,5.9,1,32,1,1
28,Male,Low,2.2,62.2,12,5.6,1,86,1,0
18,Female,High,3.53,94.1,6,6.8,3,52,0,0
20,Female,High,3.93,70.8,12,2.7,2,97,1,0
22,Female,Medium,3.94,86,7,9.5,2,16,0,0
21,Female,Low,3.73,95.9,16,5.5,9,88,1,0
20,Female,Low,3.2,70.4,8,12.8,4,5,0,0
27,Male,High,3.4,59.6,19,11.3,2,30,1,0
22,Male,High,2.57,75.9,12,9.2,6,68,0,0
28,Male,High,3.26,95.4,1,5.5,4,39,0,0
25,Female,Low,2.91,90.2,3,3.1,3,29,1,0
28,Female,Medium,2.96,53.3,1,11.6,2,68,0,0
21,Female,Medium,3.52,84.6,3,7.3,3,75,0,0
18,Male,Low,2.56,78.6,17,3.4,1,6,0,0
28,Female,Medium,2.64,95.4,4,2.9,0,12,0,0
24,Female,High,3.85,56.1,18,2.5,2,3,0,1
25,Female,Medium,2.11,76.7,9,11.7,1,49,1,0
20,Male,Medium,2.97,94,17,3.4,0,2,0,0
23,Female,Medium,3.83,70.5,9,7.9,0,11,0,0
19,Male,High,3.22,74.1,4,6.8,1,64,0,0
24,Female,Low,3.09,53.5,16,8.7,8,26,1,0
25,Male,High,2.5,63.9,12,13.2,4,49,1,0
23,Male,Low,2.69,66.2,16,13,8,76,0,1
23,Male,Low,3.7,97.3,8,6.8,7,16,0,0
22,Female,Low,3.12,64.1,11,0.2,5,71,1,0
25,Female,Medium,3.03,73,13,6.4,0,31,1,0
18,Male,Medium,2.2,83.6,13,9.1,9,83,0,1
27,Male,Low,2.03,58.1,7,8.4,4,50,1,1
21,Female,Low,3.93,74.3,4,9.8,0,16,0,0
21,Female,Medium,2.75,86.9,18,2.3,6,33,0,0
20,Male,High,3.21,93.3,13,9.7,9,34,0,0
20,Female,Low,2.16,81.3,8,2.7,7,98,1,1
21,Female,High,3.37,83.5,6,11.3,7,23,0,0
28,Female,Medium,3.87,56.3,7,5.1,6,53,0,0
18,Female,Low,3.15,97.3,13,10.6,1,17,1,0
28,Male,High,2.25,56.6,13,0.7,4,49,0,1
28,Female,High,3.16,88.7,10,6.1,3,45,0,0
19,Female,High,3.53,63.2,13,10.6,4,47,0,0
26,Male,Medium,2.81,96.7,7,3.4,9,32,1,0
27,Male,Medium,3.76,86,2,11.9,8,86,1,0
19,Female,High,3.3,87.7,17,9.5,3,88,0,0
22,Female,High,3.8,61,2,8.8,7,26,1,1
26,Female,Medium,3.25,72.2,12,5.3,7,0,0,0
26,Female,High,2.26,80.9,11,7.2,1,84,0,0
25,Male,High,2.62,88.5,14,9,5,58,1,0
18,Male,Medium,2.4,55.2,17,7.1,4,9,1,1
18,Male,High,3.82,98.1,4,10.5,1,94,0,0
26,Female,High,3.52,94.5,6,6.5,9,24,1,0
28,Female,High,3.35,63.5,10,3,3,83,1,0
25,Female,Medium,2.6,91.1,10,3.2,6,56,1,0
27,Female,High,2.37,75.9,14,0.1,0,65,0,0
26,Male,Medium,3.51,73.1,9,4.5,8,14,0,0
24,Male,Medium,2.95,65.7,14,11.2,9,27,1,1
20,Female,Low,2.45,79,12,11.9,0,12,0,1
20,Male,Low,3.23,86.5,13,3,4,13,0,0
19,Female,High,2.08,70.5,16,14.4,6,65,1,1
22,Female,Medium,2.65,81.5,12,7.5,7,33,0,0
29,Male,Low,2.94,85,9,13.8,1,98,1,0
29,Female,High,2.3,85.6,0,10.6,3,24,0,1
20,Female,Low,3.97,52.6,0,10.8,1,53,0,1
23,Male,Low,2.42,93,14,1.3,3,78,1,0
19,Female,Medium,2.26,72.9,15,3.3,5,11,0,0
29,Female,Medium,2.41,63.1,11,0.1,5,8,1,0
20,Male,Low,3.54,62.1,5,10.7,1,30,0,0
22,Female,Low,2.85,74.2,5,5.2,3,77,0,0
29,Male,Medium,3.13,94.3,11,11.8,3,92,0,0
28,Female,High,2.04,68.9,14,5.1,0,52,1,1
28,Male,Medium,2.07,87.5,3,12.3,1,42,0,1
18,Male,Low,2.89,54.8,3,2,2,37,0,0
18,Male,High,3.63,73.8,1,2.6,4,41,1,0
27,Female,Low,3.77,99.6,11,5.1,7,71,1,0
26,Male,High,2.17,88.5,6,6.1,5,47,0,0
24,Male,Low,3.08,60.5,19,5.2,2,66,1,1
18,Male,High,3.83,75.1,8,11.5,5,65,1,0
29,Male,High,2.78,61.7,8,1.5,6,15,1,1
25,Male,Low,3.66,70.5,7,5.3,5,82,1,0
20,Female,High,2.27,89,13,12.6,9,93,0,0
25,Female,Medium,3.87,88.6,0,1,5,15,1,0
22,Female,Low,3.5,61.4,11,14.1,0,30,0,0
18,Female,Medium,3.88,96.1,1,14.8,2,57,0,0
24,Female,Low,3.35,79.6,12,1.3,6,27,0,0
22,Female,High,2.73,69,3,4.4,3,3,1,1
23,Female,High,3.88,75.1,19,5.6,3,9,1,0
23,Male,High,2.55,80.3,17,11.6,6,50,0,0
25,Female,Low,2.66,78,18,8.9,8,17,0,0
26,Male,Medium,3.4,74.3,15,9.7,1,46,1,0
19,Male,Medium,3.53,75.2,13,11.4,8,31,1,0
26,Female,Low,3.86,58.8,7,1.8,2,29,0,0
29,Male,Low,2.41,90.6,11,12.5,5,35,1,0
28,Male,Medium,3.6,77.1,8,10.6,3,8,1,0
27,Male,Medium,3.48,56.6,5,8.7,0,35,0,0
26,Male,Medium,2.13,88.3,17,13.3,8,28,1,1
27,Female,Medium,2.77,96.6,1,10.5,5,15,1,0
27,Female,Low,2.57,97.4,7,3,7,91,0,0
24,Female,Low,2.61,68.5,13,6.4,1,20,1,0
18,Female,High,3.97,56.8,5,7.4,6,63,0,1
24,Female,Medium,3.29,75.9,9,0.8,5,65,1,0
27,Female,High,3.44,55.6,7,14.3,1,58,0,0
22,Female,Low,3.95,96.7,16,1.9,1,98,1,0
23,Female,Low,2.75,59.2,11,10.5,3,27,0,0
27,Female,High,3.6,62.6,16,7.6,3,54,1,0
24,Female,Medium,2.87,70.3,12,0.4,2,99,1,0
22,Male,Medium,3.74,69.2,18,13.9,7,30,1,1
24,Female,Medium,2.36,89.7,11,12.8,6,32,0,0
26,Male,Medium,3.9,72.8,15,7.9,1,86,1,0
20,Male,High,2.44,58.5,4,3.4,2,59,0,1
25,Male,High,2.65,63.4,15,1.8,9,40,1,1
19,Male,Low,3.51,75.5,5,5.5,8,80,1,0
28,Female,Medium,2.79,57.4,10,3.8,4,45,1,0
24,Male,Medium,3.22,80.6,16,7.6,1,48,1,0
19,Female,Medium,2.89,78.3,13,14.5,2,64,1,0
21,Female,High,3.48,85.7,5,8.6,7,41,1,0
24,Male,Medium,2.46,96.9,10,13.3,3,22,0,1
20,Female,High,2.12,95.6,11,9.8,1,26,0,0
19,Male,Medium,2.6,97.3,12,7.1,1,88,1,0
28,Male,Medium,2.95,62.2,3,12.8,5,31,1,1
27,Female,Low,2.34,56.6,6,7.1,7,82,1,0
24,Female,Medium,2.71,65.1,1,13,6,87,1,0
18,Male,Medium,2.8,94.8,5,4.4,3,2,1,0
25,Female,Low,2.11,98.6,5,1.9,1,59,0,0
20,Female,High,3.17,93,17,12.8,8,75,1,0
29,Female,High,3.77,55.5,19,8.8,3,98,1,1
29,Male,Medium,2.3,97.4,7,13.3,8,78,0,1
19,Male,High,3.2,71.2,7,14.1,4,16,0,0
20,Female,Medium,3.33,50.5,7,0.8,6,31,0,0
22,Female,Low,2.84,72.1,7,7.5,4,6,1,0
28,Female,Low,3.4,52.3,0,5.6,1,82,1,1
25,Female,Medium,2.82,77.2,1,9.4,5,70,1,0
27,Female,Low,3.01,66.9,11,11.9,6,68,1,0
24,Male,Low,2.01,73.7,14,4.2,5,57,1,0
24,Female,Medium,3.38,80.7,3,8.4,2,39,0,0
29,Male,Medium,3.32,93.4,2,10.6,9,84,1,0
24,Female,Low,2.08,83.1,13,2,7,47,1,1
25,Male,High,2.74,71.7,7,12.2,2,50,1,0
18,Female,High,3.96,91,12,9.1,4,56,0,0
21,Male,Medium,2.84,95.3,18,14.2,8,70,1,0
23,Female,Medium,3,56,4,5.1,4,36,1,1
26,Male,High,3.82,76.6,12,1.6,6,86,1,0
19,Male,Low,3.43,64.2,19,7.6,6,74,1,0
18,Male,High,3.16,52.4,0,1.3,4,73,0,1
27,Male,High,3.6,83.4,15,14.5,1,84,0,0
29,Male,High,3.73,93.1,1,0.6,4,54,0,0
19,Male,High,2.91,58.1,6,11.3,6,40,1,0
24,Female,Medium,2.95,90.6,5,7.9,6,96,0,0
20,Male,Medium,2.77,92.7,4,5.5,3,19,0,0
27,Female,Low,3.93,95.7,3,1,0,32,1,1
19,Female,Low,3.39,63.3,1,9.3,5,39,1,0
28,Female,Low,2.17,95.2,9,8.8,2,98,0,0
24,Female,Low,3.73,66,4,4.2,4,33,0,1
19,Female,High,2.96,77.6,17,13.7,3,61,0,0
20,Male,Medium,2.14,52.5,9,4.6,1,99,0,1
28,Male,Medium,3.1,52.2,14,6.7,6,90,1,0
24,Male,Low,2.83,86,8,8.2,4,18,1,0
21,Female,Low,3.76,72.2,10,1.5,6,42,0,0
18,Male,High,2.41,62.8,16,14,8,68,0,0
22,Male,High,3.65,59.5,8,5.6,3,62,0,0
29,Male,Low,3.12,83.5,15,1.2,4,92,1,0
26,Male,Medium,2.11,50,5,5.8,8,9,1,1
25,Male,Medium,3.94,90.3,10,9,9,12,1,0
29,Female,Medium,3.03,54,16,7.7,3,92,0,0
26,Male,Low,2.58,59.6,3,10.4,4,4,1,0
27,Female,Medium,2.94,69.3,14,0.8,4,57,0,0
26,Female,High,3.72,74.2,0,4.3,7,58,0,1
24,Female,High,2.61,67.7,19,12.3,3,75,1,0
21,Female,Low,2.39,66,0,1.2,3,58,0,1
22,Female,High,2.26,98.2,8,12.8,6,76,1,1
18,Male,Low,2.6,82.1,11,1.4,4,85,1,0
18,Male,Medium,3.56,51.2,3,12.5,5,14,0,1
20,Male,Medium,2.94,71.5,12,5.4,5,76,0,0
25,Female,Medium,2.45,93.8,6,9.2,5,0,1,0
19,Male,High,2.33,65.1,7,2.3,9,37,1,1
21,Male,Low,2.67,54.7,12,1,4,52,1,1
19,Female,Medium,3.88,87.9,10,3.2,4,51,1,0
22,Female,Low,2.69,80.3,8,1.9,8,0,1,0
26,Female,Medium,3.98,78.5,15,4.7,7,10,1,0
18,Female,High,2.97,52.7,9,7.7,3,57,1,1
22,Male,High,2.36,57,10,8.8,6,39,0,1
26,Female,Low,3.78,81.1,11,11.8,7,85,1,0
18,Female,High,2.92,60.4,13,9.8,8,98,0,0
26,Male,High,3.42,75.2,18,9.1,4,59,0,0
25,Male,Low,3.97,77.2,11,6.2,2,43,1,0
21,Female,Medium,2.1,64.2,17,7.1,3,5,1,1
29,Male,High,2.19,97.4,16,6.2,9,27,1,1
28,Female,Low,3.44,92.1,2,12.6,5,30,1,1
27,Female,High,2.56,86.1,0,3.5,9,7,1,1
22,Male,High,2.37,53.9,18,0.1,4,4,0,1
22,Male,High,2.08,55.3,3,9.8,8,53,0,1
28,Female,High,2.04,74.6,15,3,2,16,1,1
29,Female,Low,3.55,58,11,13.4,1,37,1,0
23,Female,Low,2.27,98.9,12,12.9,5,8,1,0
24,Male,Low,2.94,57.9,16,1.2,6,73,1,0
25,Female,High,3.21,74.4,7,1.6,4,83,0,0
25,Female,High,2.86,68.2,12,7.4,0,77,0,0
28,Female,High,2.05,82,19,9.1,2,13,0,1
19,Female,Low,3.57,56.5,4,4.1,2,25,1,1
26,Female,High,2.02,71.5,17,10.8,3,92,1,1
24,Male,Medium,3.52,63.7,14,8.9,9,61,1,0
21,Female,High,3.79,94.4,11,4.9,5,90,0,0
21,Female,Medium,2.87,52,16,0.4,4,24,0,0
28,Female,High,3.07,95.7,14,11.3,0,79,0,0
25,Female,Low,2.95,91.6,1,3.2,5,35,1,0
21,Male,High,2.78,64.9,5,12.5,8,97,0,1
23,Male,Medium,3.77,89.5,16,6.3,0,79,1,0
22,Male,Medium,3.79,51.6,15,8.7,7,32,0,0
20,Female,High,2.67,98.3,16,13.1,7,2,1,0
27,Female,Medium,3.23,76.3,19,13,2,86,1,0
28,Male,Medium,3.85,65.2,8,5.6,8,10,1,1
19,Male,Low,3.92,68.1,4,3.1,7,57,1,1
26,Male,High,3.02,53.3,0,11.6,2,63,0,0
27,Female,High,2.91,99.5,5,6.5,9,17,0,0
26,Female,High,2.56,52,13,2.9,4,46,0,0
18,Male,Medium,3.92,82.7,16,13.6,2,43,1,0
27,Male,High,2.29,72.1,18,3,4,92,0,0
20,Male,High,3.16,97.4,0,0.4,8,58,1,1
25,Female,Low,2.57,62.3,0,0.3,3,49,0,1
23,Female,Low,2.56,76.6,12,9.3,5,68,0,0
22,Female,Low,2.81,74.1,13,9.9,2,87,1,0
22,Male,Medium,4,85.1,5,4.7,2,28,1,0
23,Male,High,2.11,53.4,5,4.8,4,92,1,1
24,Female,Low,3.16,59.7,0,5.1,7,89,0,1
18,Male,Low,2.17,60.7,13,10.2,7,66,1,1
26,Female,Low,2.31,86.9,2,0.9,2,1,0,1
20,Male,High,2.88,59.5,9,13.9,7,24,0,0
21,Male,High,3.02,78.7,18,3.3,7,18,0,0
27,Male,High,2.52,60.8,18,15,2,39,1,0
18,Male,Medium,2.63,93.1,18,2.6,9,1,0,0
28,Female,Medium,2.17,97.1,3,11.6,9,82,1,1
27,Male,Low,2.61,75.9,19,3.4,1,64,1,0
20,Female,High,3.93,67.6,18,1.2,9,61,0,0
19,Female,Low,3.89,61.7,9,13.1,1,90,0,0
19,Female,High,2.67,52.5,1,12.9,8,53,0,1
18,Male,High,3.14,63.4,3,6.1,6,44,0,1
25,Female,High,3.82,82.7,5,10.5,5,48,1,0
20,Female,Medium,2.01,76.7,6,8.4,6,98,1,0
20,Female,Medium,3.62,97.2,15,12.8,7,68,1,0
23,Male,High,3.9,69.8,6,4.7,0,37,1,0
25,Male,Low,2.18,84.7,17,7.9,7,3,1,0
26,Female,High,2.32,74.5,19,7.3,2,16,1,0
26,Male,High,3.92,75.6,18,5.3,2,52,1,0
21,Female,Low,3.08,63.4,8,13.4,5,84,1,0
22,Female,High,2.03,72.7,19,2.5,3,52,1,1
19,Male,Low,2.52,73.5,9,2.2,3,30,0,0
28,Female,Medium,2.9,85.3,12,8.7,3,21,0,0
26,Male,Medium,3.39,97,17,9.9,9,10,1,0
25,Male,Low,3.47,66.5,15,2.9,8,33,1,1
20,Female,Medium,3.99,52.1,16,5.9,7,14,0,0
28,Male,Medium,2.58,74.8,12,14.2,2,9,0,0
29,Male,Low,3.08,77.2,11,3.7,0,95,0,0
26,Female,Medium,3.07,58.4,9,10,0,52,1,0
20,Female,High,2.81,88,0,11.1,0,47,0,0
26,Male,High,2.34,99.2,7,6.7,3,30,0,0
19,Male,Low,3.95,97.3,17,14.1,5,36,0,0
29,Female,Medium,3.71,59.9,1,11,3,27,0,1
27,Male,High,3,93.8,15,6.9,2,30,0,0
26,Male,High,3.21,85.2,11,8.5,7,69,1,0
25,Male,Medium,2.45,72.7,8,10.4,7,13,0,0
26,Male,Medium,3.09,77,2,8.9,5,86,1,1
22,Male,High,3.39,92.5,3,13.2,8,15,0,1
28,Male,High,3.03,74,1,5.4,9,24,0,1
28,Male,Low,3.98,68.7,7,4.5,0,38,0,0
19,Female,Low,3.22,74.7,9,3.2,7,65,0,0
25,Female,High,2.74,79,15,0.6,5,37,0,0
29,Female,Low,3.54,59.5,10,0.6,0,40,1,1
23,Female,High,2.34,95,17,13.1,3,97,1,0
25,Female,High,2.77,83.7,13,10.2,4,39,1,0
28,Male,Low,2.69,81.7,7,9.9,6,63,1,0
22,Male,Low,2.86,55,14,9.2,7,88,1,1
27,Male,Medium,3.56,80.2,16,12.7,8,99,1,0
19,Male,Medium,2.97,56,17,7.2,5,15,1,1
23,Female,Medium,3.59,53.9,5,13.1,9,81,0,0
22,Male,High,3.15,76.4,13,5.4,8,76,1,0
29,Male,Low,2.68,70.1,2,13.9,3,58,0,0
29,Female,High,3.62,79.4,6,10.5,7,90,0,0
22,Male,Low,2.48,54.5,14,3.9,2,97,1,1
18,Male,High,2.45,71.5,15,8.5,3,10,0,1
19,Female,Medium,3.01,58.7,15,8,9,0,0,0
25,Male,Medium,2.52,99.4,7,2.1,3,12,1,0
20,Male,Medium,2.02,78.1,6,8.9,5,29,0,0
27,Male,High,3.3,84.4,5,4.7,8,68,1,0
20,Male,Low,3.02,66.3,1,0.8,5,17,0,1
25,Male,Low,2.89,54.7,12,14.2,0,77,1,1
25,Female,Medium,3.93,98.8,11,9.6,4,12,0,0
19,Female,Medium,3.14,64.3,14,13.2,8,31,1,1
25,Female,Medium,3.73,71.2,8,10.1,4,70,0,0
28,Female,Medium,2.28,82.5,1,5.4,5,71,1,0
18,Female,Low,3.14,51.2,16,7.7,2,49,0,0
23,Female,High,3.74,90.5,4,10.1,7,70,0,0
25,Male,High,3.17,76.8,10,14.4,9,79,1,0
20,Female,High,3.44,63.9,18,3.8,3,30,0,1
25,Female,High,2.74,53.1,6,13.1,3,50,1,0
29,Male,Medium,2.18,58.1,1,13.9,4,26,0,1
18,Male,Medium,2.92,94.8,15,10.1,9,59,0,0
28,Female,Medium,2.79,84.3,11,14,8,32,1,0
28,Male,High,3.73,62.5,14,6,7,52,0,0
26,Female,Medium,2.49,53.3,0,14.3,6,92,1,1
28,Male,Medium,3.93,84.5,12,10.5,4,71,0,0
26,Female,Low,3.92,78.6,5,0.6,8,32,0,0
22,Male,Low,2.5,70.2,12,13.6,8,40,0,0
27,Male,Medium,2.7,68.2,17,7.3,9,18,0,0
21,Female,Low,3.79,60.8,2,6.9,9,84,1,0
28,Female,Low,3.93,83.5,0,8.5,1,40,1,0
23,Female,Medium,2.89,98.5,14,2.2,3,84,0,0
29,Female,Medium,2.64,58.8,12,7,7,88,0,0
24,Female,Medium,3.05,79.9,4,12.5,0,41,1,0
22,Male,Medium,3.38,71.2,12,0.2,4,22,0,0
28,Female,High,2.55,72.3,4,4.1,7,74,1,0
27,Female,High,3.47,62.7,18,0,1,32,0,0
26,Male,Medium,2.1,91.3,17,6.2,1,19,0,1
20,Male,Low,2.1,74.3,9,10.9,7,24,1,0
24,Female,Medium,2.77,77.2,7,12,9,89,0,0
27,Male,Medium,2.71,65.2,14,14.2,8,51,1,1
27,Male,Low,2.63,59.1,19,9.1,6,11,1,0
28,Female,High,2.98,54.3,3,3.8,7,31,1,1
22,Male,Medium,2.64,85.7,1,13.9,4,32,1,1
24,Male,Medium,2.38,59.8,5,11.6,0,73,1,0
19,Female,High,2.62,84.5,2,8.6,3,67,1,1
21,Female,High,3.95,69.5,6,10.4,1,14,0,1
19,Male,Low,2.82,70.8,9,13.9,2,50,1,0
29,Male,High,2.89,73.5,5,10.7,2,5,1,0
24,Female,High,3.15,68.4,15,5.5,8,90,0,0
19,Male,High,3.97,55,1,10.7,9,68,1,1
28,Male,Low,2.48,65.5,16,0.6,3,68,0,1
18,Male,High,3.36,83.2,12,5.8,1,81,1,0
26,Female,High,3.43,83.3,0,6.1,2,91,1,1
18,Male,Low,3.21,64.3,5,2.5,2,34,1,0
25,Male,High,2.18,73,4,0.3,6,85,0,0
19,Female,High,3.35,59.7,12,2,7,33,0,1
29,Male,Low,2.13,60.5,17,9.8,5,62,1,1
25,Male,Medium,3.19,51.2,11,12,3,67,1,0
20,Female,Low,3.48,94.8,6,14.8,5,17,0,0
23,Female,High,2.42,60.5,14,5.2,0,25,0,1
20,Female,High,3.68,61.4,2,9,9,85,0,1
24,Female,High,2.06,64,15,14.1,7,96,1,1
27,Male,Low,3.69,56.4,0,2.5,0,60,0,0
26,Male,High,2.92,82,15,10.8,4,77,0,0
19,Female,High,2.44,53.8,11,11.3,1,94,0,1
29,Female,Low,2.27,56.7,18,1.3,5,73,0,1
29,Male,Medium,3.91,82.2,7,12.9,8,87,0,0
22,Female,Medium,2.15,67,11,12.2,4,84,0,0
23,Male,High,2.4,85.4,14,0.5,3,47,0,0
21,Female,Low,2.7,77.9,1,1.4,1,71,1,0
21,Male,High,3.24,62.8,16,0.7,2,95,0,1
21,Female,Low,3.09,82.5,6,5,5,30,1,0
19,Female,Low,2.25,55.8,12,7.6,7,33,1,0
21,Male,Medium,2.58,76.8,0,8,7,86,0,0
28,Female,Medium,2.48,71.9,5,4,4,88,1,0
18,Male,Low,2.43,63.4,12,13.7,4,6,1,0
29,Male,High,2.82,80.2,10,5.5,9,82,0,0
23,Male,Medium,3.41,93.6,9,0.7,2,6,1,0
18,Male,High,2.43,99.9,15,4.5,6,46,0,0
27,Male,Medium,2.73,80.4,19,8,5,7,0,0
23,Female,Medium,2.78,70.2,16,6.1,0,77,0,0
18,Female,High,3.95,61.3,16,4.1,3,0,0,1
23,Male,Medium,3.91,62.9,3,2,5,76,0,1
27,Female,Medium,3.6,74,4,12.3,5,2,0,0
25,Male,High,2.48,68.4,13,14.9,2,52,0,0
28,Female,Medium,2.14,95.7,19,4.9,5,91,1,1
19,Female,Medium,2.63,68.4,9,5.7,9,37,0,0
19,Female,Medium,2.53,68.7,13,9.3,5,50,1,1
29,Female,High,3.01,69.2,0,10.8,8,14,0,1
21,Male,Low,3.56,91.8,10,5.9,8,99,0,0
28,Male,High,3.72,82.5,17,13.6,1,66,0,0
20,Female,Low,3.69,80.7,15,8.4,3,63,1,0
21,Female,Medium,2.72,66.7,17,6.8,8,67,1,0
29,Male,Low,3.37,90.9,7,9.7,3,4,1,0
24,Female,High,2.63,51.9,9,14.3,7,89,1,0
28,Male,High,2.12,93.5,9,11.9,9,88,1,0
18,Male,Medium,3.4,75.6,4,0.6,2,9,1,1
23,Male,Low,2.02,69.9,9,5,2,7,0,1
20,Female,Medium,2.82,74.9,17,7.1,8,11,0,0
28,Male,Medium,2.66,83.4,5,4.7,9,63,1,0
27,Female,High,3.39,50.6,2,10.5,7,58,1,1
24,Male,Low,3.53,93.6,7,12.4,0,66,1,0
27,Female,Low,2.61,72.3,8,11,9,90,1,0
19,Female,Low,3.62,67.1,4,14.8,1,49,1,1
19,Female,Low,2.59,56.9,1,4.1,2,22,0,0
21,Male,Medium,2.89,72,1,13.1,1,39,0,0
18,Male,Medium,3.45,74.8,6,11.5,2,96,0,0
20,Female,High,3.39,70.2,16,5.4,7,77,0,0
26,Female,Medium,3.97,83.9,9,11,5,86,0,0
24,Female,Medium,2.45,71,11,1.6,6,94,0,0
24,Male,High,3.32,98.1,1,11.8,9,76,0,1
28,Male,High,3.22,80,9,8,9,75,0,0
21,Male,High,3.83,90.4,19,4.4,5,98,1,0
19,Male,Medium,2.31,55.5,0,9.8,0,17,1,1
21,Female,Medium,3.5,69.9,3,9.6,2,20,0,0
23,Female,High,3.14,66.8,12,3.1,0,0,0,1
28,Male,High,2.55,78.5,11,0.5,9,37,0,0
28,Male,High,2.95,93.1,10,6.5,8,40,1,0
20,Female,Medium,2.67,53.9,9,8.5,8,41,1,0
18,Male,Medium,3.16,53.6,14,13.1,4,8,0,1
29,Male,Low,3.78,92.5,4,13.9,3,22,1,0
25,Male,Medium,3.14,60.6,16,7.9,8,77,0,0
29,Male,Medium,3.26,83.4,4,11.3,8,10,0,0
22,Male,Medium,3.04,77.1,1,6.6,2,70,0,0
22,Male,High,2.1,91.6,8,11.2,4,30,0,1
28,Female,Medium,2.47,56.3,5,3.1,2,87,0,1
21,Male,High,2.98,56.5,17,5.6,9,25,1,0
23,Male,Low,2.62,77.8,13,9.5,1,29,0,0
20,Female,Low,2.36,97.3,18,0.3,0,33,0,0
26,Female,High,3.01,70.7,13,10.8,9,45,0,0
22,Female,High,2.65,66.3,7,12.5,1,68,0,0
20,Male,High,2.52,80.3,16,6,7,4,1,0
28,Female,Medium,2.93,96.5,2,6.7,7,60,0,0
18,Male,Low,2.27,91.8,9,12.8,2,82,0,1
27,Male,High,3.86,99.8,16,11.6,6,37,1,0
29,Male,Medium,3.74,51.1,10,4.3,6,27,0,0
23,Female,Low,3.42,55.6,7,4.9,1,25,0,0
19,Female,Medium,2.21,80.5,0,10.2,8,60,0,1
20,Female,Low,3.55,91,12,8.4,2,22,0,0
18,Female,Medium,3.62,64.3,3,2.4,1,45,1,0
26,Female,Low,3.54,62,6,4.6,2,29,0,0
25,Male,Low,2.23,89.3,13,13.5,1,66,0,0
29,Male,Medium,3.29,52.8,4,10.3,7,91,1,1
19,Male,High,3.67,68.5,10,14.8,4,32,0,1
29,Male,Low,3.15,75.3,16,11.5,2,2,0,0
28,Female,High,3.29,78,4,14.1,4,68,1,0
25,Female,Medium,2.92,86.4,19,3.2,7,82,0,0
29,Male,High,3.06,67.7,2,11.6,6,41,1,1
26,Female,High,2.07,80.6,4,0.3,5,61,0,0
18,Female,High,3.28,79.3,14,10.1,0,57,1,0
22,Male,High,2.16,77.4,18,7,9,56,0,0
25,Male,High,2.87,82,15,5.2,0,0,0,0
28,Female,Low,2.59,63,7,12.9,0,72,1,0
19,Female,Low,3.09,54.2,12,12.8,9,59,0,0
21,Male,Low,2.27,56,15,0.3,7,68,1,0
24,Male,Medium,3.38,61.2,2,9.1,7,58,1,1
20,Male,High,3.59,75,0,5.5,6,45,1,0
29,Female,Low,2.33,92,8,6.2,5,33,1,0
22,Male,Medium,2.21,85.1,8,12.5,3,96,0,1
25,Male,Low,2.29,89.5,16,4.6,0,24,1,0
29,Female,Low,3.75,67.5,1,14.1,8,41,0,0
27,Female,High,3.06,70.2,8,2.7,0,28,0,0
20,Female,Medium,2.93,69.7,18,9.9,3,24,1,0
21,Female,High,2.21,59.6,12,10.1,2,53,1,1
26,Female,High,3.3,53.1,4,3.8,6,72,0,1
24,Male,Low,3.74,79.5,8,4.9,4,66,1,0
18,Male,High,3.66,99.5,12,12.5,4,14,0,0
29,Female,Medium,3.25,58.3,0,11.4,3,3,1,1
21,Female,High,2.15,52.3,14,4.9,0,37,0,1
21,Female,High,2.22,89,3,8,4,19,0,1
26,Female,High,2.1,62.6,3,0.9,3,22,1,1
23,Female,Low,2.51,91.5,19,3.1,9,36,0,0
26,Male,Medium,2.27,85.2,9,7.3,7,61,0,0
29,Male,Low,2.52,97.3,5,1.3,1,7,1,0
23,Male,Low,2.77,70.4,11,12.6,7,36,1,0
23,Male,Low,3.89,83.1,19,10.8,0,44,1,0
22,Female,Low,3.22,73.2,15,14.2,3,96,1,0
22,Male,Low,3.67,81.5,2,10.4,2,32,1,0
19,Female,Medium,3.42,72.5,13,14.1,4,6,0,0
25,Female,High,2.23,59.4,0,8.3,4,21,0,1
25,Female,Low,3.47,75.4,9,9,4,4,1,0
28,Male,Low,2.55,76.4,14,14.7,3,14,0,0
18,Female,Medium,3.28,90.5,6,9.6,7,20,0,0
25,Male,Medium,2.68,86.8,3,0.5,2,88,0,0
22,Male,High,4,83.2,13,10.9,3,16,0,0
19,Female,Medium,2.53,55.7,15,13.6,0,55,0,1
19,Female,High,2.56,86,13,11.9,6,49,1,0
23,Female,Low,3.86,75,2,8.8,0,6,1,0
28,Male,Low,2.05,94.7,16,10.1,1,49,0,0
26,Female,High,3.39,96,13,14.9,6,59,0,0
18,Male,Medium,3.45,52.8,17,1.4,0,82,1,1
29,Female,High,3.67,91,2,10,2,6,1,0
23,Female,Medium,3.95,51.9,18,4.3,5,39,1,0
26,Male,Low,3.95,68.4,2,9.6,5,44,1,1
25,Male,Medium,2.13,77.1,11,9.1,5,58,0,1
28,Male,High,3.64,57.4,4,2.3,1,87,1,1
23,Male,High,3.29,87.3,9,3.1,1,74,1,0
20,Male,Low,3.29,50.4,8,9.3,5,54,0,1
25,Male,Medium,2.26,58.4,0,1.9,9,63,1,1
26,Female,Medium,3.3,79,12,4,4,64,1,0
18,Female,Medium,3.96,85.7,2,12.5,6,53,1,0
29,Male,Low,3.82,95.8,18,4.9,6,95,1,0
26,Female,Medium,2.88,85.3,10,7.3,4,39,1,0
23,Male,High,2.08,83.6,15,14.1,7,52,0,0
23,Female,Medium,2.72,69.7,5,3.4,9,43,0,0
29,Female,Low,3.65,50.1,2,5.8,5,62,0,1
21,Male,Medium,3.4,56,18,9.1,4,1,0,1
18,Male,Medium,2.92,76.7,5,11.3,3,78,0,0
27,Male,High,2.11,83.8,7,13.5,6,20,1,1
25,Female,Medium,2.85,70.9,12,13.7,3,87,1,0
19,Male,High,2.94,86.5,11,11.6,4,49,1,0
29,Female,High,3.86,76.1,9,3.4,4,80,1,0
18,Male,Low,3.28,53.7,2,0.4,0,51,1,1
19,Female,High,2.62,59.6,3,5.8,0,8,1,1
18,Female,High,3.05,92,0,2.1,2,98,1,0
18,Male,Low,2.13,86.2,12,10.7,2,19,1,1
26,Female,High,3.95,94.7,3,9.9,1,82,1,0
18,Female,Low,2.72,55.9,10,0.7,1,17,1,0
21,Male,Medium,2.96,99.5,18,12.5,5,83,1,0
27,Female,Low,2.71,60.5,10,3.7,0,29,1,0
23,Male,High,3.37,50.6,11,6.5,5,64,1,0
24,Male,Low,3.32,99.9,10,10,4,23,0,0
19,Male,High,3.43,64.1,5,6.4,5,87,1,0
23,Male,Medium,2.54,83.4,11,6.6,4,46,0,0
24,Female,Low,2.63,58.8,8,1,6,82,1,0
27,Female,Medium,2.25,79,9,6,0,93,1,0
27,Female,High,3.31,95.2,2,11.5,2,89,1,0
19,Male,High,2.08,66,2,13.7,5,43,0,1
19,Female,Medium,3.2,83.5,19,6.2,0,28,0,0
27,Female,Low,3.74,59.4,15,6.4,6,76,1,0
24,Male,Low,3.78,81.2,2,10.5,3,67,1,1
29,Male,High,2.9,66.8,9,14.1,2,16,1,0
18,Female,Medium,2.92,60.6,10,4,9,96,,0
25,Male,Medium,2.15,65.7,7,6.6,8,4,0,1
28,Male,Low,3.34,58.9,5,11.9,0,91,0,0
20,Male,Low,3.64,95.1,19,9.1,7,87,1,0
28,Male,Low,2.49,69.9,10,1.7,0,80,0,0
23,Female,Medium,2.84,62.3,11,9.4,4,49,0,1
26,Male,Low,3.68,72.4,15,2.8,9,39,1,0
23,Male,Low,3.75,66,17,7.7,7,45,1,0
26,Male,High,2.49,87.2,12,7.9,5,50,1,1
24,Male,Low,3.1,98.6,2,13.1,6,10,0,0
26,Male,Low,2.38,71.9,14,6.9,7,11,1,0
19,Male,Medium,2.2,93.1,13,4.2,5,12,0,0
29,Male,Medium,3.82,78.3,17,3.5,5,63,1,0
25,Male,High,3.64,57.9,13,13.1,5,7,1,1
25,Female,Low,3.52,84.5,4,2.6,4,64,0,0
19,Male,High,2.1,75.7,13,6.4,7,8,0,1
29,Female,,3.69,82.5,7,2.8,1,91,0,0
21,Male,High,2.88,94.5,14,11.6,6,1,0,0
28,Male,Medium,2.68,72,14,7.1,3,77,0,0
24,Male,High,3.09,95.1,18,5.3,0,12,0,0
28,Male,High,2.18,87.5,19,5.4,4,1,1,1
21,Female,Low,3.51,74.4,5,12.8,2,67,0,0
21,Male,High,3.16,80.2,18,8.3,3,75,0,0
23,Male,Low,2.37,66.3,7,10.8,6,47,1,1
27,Female,Low,2.38,99.2,5,13.5,4,73,0,0
23,Female,Low,2.37,83.4,19,13.5,3,2,0,0
27,Male,Low,2.11,52.2,14,4.9,0,67,1,0
20,Female,High,3.18,66.3,2,14.3,5,5,1,1
26,Female,Medium,3.68,81.2,9,,9,86,1,0
29,Female,Medium,2.03,52.8,14,5.7,5,4,0,1
27,Male,Medium,2.1,51.2,15,13.4,6,2,1,1
28,Male,High,3.15,72.5,16,4.1,0,9,0,0
19,Male,Low,3.64,66.6,18,4.1,3,42,1,0
23,Female,Medium,2.65,71.9,10,4.5,8,18,0,0
29,Male,High,2.7,63.1,15,9.2,9,13,1,0
24,Female,Low,3.19,58.2,4,6.6,5,20,1,1
29,Male,Medium,2.55,84.5,4,10.9,1,42,1,0
26,Male,Low,2.05,75.7,13,13.4,3,27,0,0
20,Female,Medium,3.47,60,17,10.1,5,20,0,0
27,Male,Medium,3.25,66,7,3.1,3,35,1,0
20,Female,,3.16,79.6,4,14,9,23,1,0
24,Female,Low,3.48,53.6,6,4,6,53,1,0
21,Male,High,3.35,57.4,15,2.2,2,37,1,0
25,Female,Low,2.41,53.7,13,1.3,5,16,0,1
24,Male,,2.7,90.6,4,8.5,3,21,1,0
22,Male,Low,2.25,87.6,8,1.7,2,82,1,0
24,Female,High,2.26,87.7,3,2.1,2,44,0,0
20,Male,Low,3.35,85.8,3,4.5,1,73,0,0
29,Female,High,3.72,83.5,15,,2,60,1,0